id,url,longitude,latitude,found,revised,host-id,room_type,bedrooms,capacity,reviews,min_nights,price
airbnb59ad97668a46551f54f8d56c1,https://www.airbnb.es/rooms/24669267,2.1849613364188665,41.44079710907553,2018-05-02 14:51:18.335000,2018-06-07 04:41:49.428000,airbnb20763774,private_room,1,2,1,6,22
airbnb59ad97668a46551f54f8d56c2,https://www.airbnb.es/rooms/24839164,2.18514218631942,41.440894733737444,2018-05-09 08:20:57.949000,2018-06-12 23:03:50.457000,airbnb20763774,private_room,0,2,0,5,19
airbnb59ad97668a46551f54f8d56c3,https://www.airbnb.es/rooms/13697183,2.18662070497409,41.44481901142953,2017-08-15 08:05:00.778000,2017-10-09 12:00:49.092000,airbnb2860168,private_room,1,2,37,3,33
airbnb59ad97668a46551f54f8d56c4,https://www.airbnb.es/rooms/24282291,2.184810123879792,41.444446031232815,2018-08-27 20:38:54.268000,2018-09-23 21:43:03.608000,airbnb183151447,private_room,1,2,2,30,
airbnb59ad97668a46551f54f8d56c5,https://www.airbnb.es/rooms/21656685,2.1851617674531916,41.44480977583311,2018-04-08 02:54:25.387000,2018-09-23 21:18:53.308000,airbnb157621825,private_room,2,2,8,2,
airbnb59ad97668a46551f54f8d56c6,https://www.airbnb.es/rooms/14933985,2.18443433891158,41.4476043803465,2017-08-15 08:05:00.778000,2018-06-07 04:42:32.891000,airbnb93915198,private_room,1,2,12,2,51
airbnb59ad97668a46551f54f8d56c7,https://www.airbnb.es/rooms/14906413,2.184549208891481,41.4477355512251,2017-08-15 08:04:51.658000,2018-06-07 04:41:59.959000,airbnb92873591,private_room,1,2,27,2,41
airbnb59ad97668a46551f54f8d56c8,https://www.airbnb.es/rooms/22860004,2.1847514297756025,41.448302699807584,2018-04-08 02:54:18.803000,2018-04-21 07:15:33.066000,airbnb163447308,private_room,0,4,0,1,25
airbnb59ad97668a46551f54f8d56c9,https://www.airbnb.es/rooms/22147100,2.1845699070987354,41.44903971820424,2018-04-08 02:54:25.387000,2018-06-07 04:45:22.157000,airbnb161743274,entire_home,0,2,1,1,61
airbnb59ad97668a46551f54f8d56c10,https://www.airbnb.es/rooms/14934380,2.185674922722554,41.4490737685112,2017-08-15 08:04:51.658000,2018-06-07 04:45:00.552000,airbnb93915198,private_room,1,2,28,2,44
airbnb59ad97668a46551f54f8d56c11,https://www.airbnb.es/rooms/19711739,2.1875973562994626,41.44952619029056,2017-08-15 08:05:23.450000,2017-09-10 06:02:48.213000,airbnb34964499,private_room,1,1,0,3,35
airbnb59ad97668a46551f54f8d56c12,https://www.airbnb.es/rooms/20724431,2.1854326406914977,41.4554193132444,2017-09-05 11:52:53.863000,2018-04-21 07:16:18.452000,airbnb137972924,private_room,1,2,1,2,48
airbnb59ad97668a46551f54f8d56c13,https://www.airbnb.es/rooms/19618742,2.185149076295163,41.4569892229252,2017-08-15 08:04:43.609000,2018-04-21 07:16:02.391000,airbnb137972924,private_room,1,2,6,1,41
airbnb59ad97668a46551f54f8d56c14,https://www.airbnb.es/rooms/8398657,2.179478280597006,41.46024655045605,2017-08-15 08:05:23.450000,2018-09-17 01:05:09.042000,airbnb44248922,private_room,0,1,14,2,
airbnb59ad97668a46551f54f8d56c15,https://www.airbnb.es/rooms/20759099,2.1805713496446857,41.45941910248181,2017-09-05 11:52:12.730000,2018-09-17 01:43:47.705000,airbnb9404892,private_room,1,2,4,31,
airbnb59ad97668a46551f54f8d56c16,https://www.airbnb.es/rooms/19617586,2.1832983188524455,41.45628376687336,2017-08-15 08:04:55.969000,2018-04-21 07:16:21.740000,airbnb137972924,private_room,2,4,16,1,83
airbnb59ad97668a46551f54f8d56c17,https://www.airbnb.es/rooms/667181,2.1839461747640687,41.4555432704663,2017-08-15 08:04:43.610000,2018-09-26 10:54:50.904000,airbnb3235383,private_room,1,2,177,2,
airbnb59ad97668a46551f54f8d56c18,https://www.airbnb.es/rooms/7640768,2.182875867554724,41.45425999918004,2018-04-08 02:54:10.930000,2018-09-26 10:56:43.313000,airbnb3235383,private_room,1,3,48,2,
airbnb59ad97668a46551f54f8d56c19,https://www.airbnb.es/rooms/7605992,2.183467380320176,41.45412769063865,2017-08-15 08:05:00.778000,2018-09-26 10:55:08.050000,airbnb3235383,private_room,1,2,89,1,
airbnb59ad97668a46551f54f8d56c20,https://www.airbnb.es/rooms/23869756,2.176484911306535,41.45752860762133,2018-04-08 02:54:04.442000,2018-06-04 21:45:53.006000,airbnb106295252,private_room,3,4,11,1,36
airbnb59ad97668a46551f54f8d56c21,https://www.airbnb.es/rooms/6109659,2.177032595502872,41.45972375191437,2017-08-15 08:05:27.831000,2018-09-17 01:05:42.447000,airbnb30955935,private_room,0,1,17,4,
airbnb59ad97668a46551f54f8d56c22,https://www.airbnb.es/rooms/11471725,2.1768603678238487,41.45956966287942,2017-08-15 08:05:23.449000,2018-09-17 01:03:56.666000,airbnb57057170,private_room,2,2,1,2,
airbnb59ad97668a46551f54f8d56c23,https://www.airbnb.es/rooms/26421941,2.174829484173101,41.45962671086303,2018-08-26 11:40:20.428000,2018-09-17 01:04:19.295000,airbnb181050387,private_room,2,1,0,3,
airbnb59ad97668a46551f54f8d56c24,https://www.airbnb.es/rooms/20274577,2.1731139922910585,41.460815676501404,2017-08-15 08:05:05.280000,2017-10-09 12:01:01.202000,airbnb144562473,entire_home,2,7,2,1,50
airbnb59ad97668a46551f54f8d56c25,https://www.airbnb.es/rooms/24911116,2.173877910213859,41.455935805190016,2018-05-26 14:56:24.720000,2018-09-26 10:56:09.161000,airbnb188330626,private_room,0,4,17,1,
airbnb59ad97668a46551f54f8d56c26,https://www.airbnb.es/rooms/20063365,2.174016990309523,41.44883353550283,2017-08-15 08:04:43.609000,2017-09-10 06:04:47.630000,airbnb139815939,private_room,1,2,3,1,21
airbnb59ad97668a46551f54f8d56c27,https://www.airbnb.es/rooms/13041366,2.1741596522836875,41.44794351737489,2017-08-15 08:05:19.240000,2018-09-23 20:44:05.288000,airbnb69755484,private_room,0,2,4,2,
airbnb59ad97668a46551f54f8d56c28,https://www.airbnb.es/rooms/13041724,2.1738699796566845,41.44720039996323,2017-08-15 08:05:13.571000,2017-09-10 06:04:54.533000,airbnb69755484,private_room,1,1,11,2,25
airbnb59ad97668a46551f54f8d56c29,https://www.airbnb.es/rooms/17263801,2.174398717738094,41.44763003402107,2017-08-15 08:04:43.609000,2018-09-23 20:38:50.317000,airbnb23460584,private_room,1,2,100,1,
airbnb59ad97668a46551f54f8d56c30,https://www.airbnb.es/rooms/19864894,2.1739324597934626,41.44614734051316,2017-08-15 08:05:05.281000,2017-09-10 06:05:03.837000,airbnb129313275,private_room,2,4,1,3,25
airbnb59ad97668a46551f54f8d56c31,https://www.airbnb.es/rooms/15066784,2.171601558687598,41.446815972792315,2018-04-08 02:54:02.580000,2018-09-23 20:39:02.044000,airbnb51384813,private_room,1,2,22,2,
airbnb59ad97668a46551f54f8d56c32,https://www.airbnb.es/rooms/23492773,2.1671372639342725,41.443652233602634,2018-04-08 02:54:02.579000,2018-05-12 10:50:01.355000,airbnb104091096,private_room,1,2,3,1,34
airbnb59ad97668a46551f54f8d56c33,https://www.airbnb.es/rooms/1052151,2.1654349076258064,41.44416830145627,2017-08-15 08:05:09.497000,2018-09-23 20:41:14.955000,airbnb5793357,entire_home,3,5,86,2,
airbnb59ad97668a46551f54f8d56c34,https://www.airbnb.es/rooms/18029581,2.1660010864141928,41.44348378961292,2017-08-15 08:05:05.280000,2017-09-10 06:05:13.411000,airbnb21770251,private_room,1,2,23,2,31
airbnb59ad97668a46551f54f8d56c35,https://www.airbnb.es/rooms/20737649,2.166804188707004,41.44276195396134,2017-09-05 11:52:08.383000,2018-09-23 21:07:12.148000,airbnb148339873,private_room,2,4,12,1,
airbnb59ad97668a46551f54f8d56c36,https://www.airbnb.es/rooms/25764013,2.1659095922007703,41.44264050113055,2018-08-27 20:37:27.566000,2018-09-23 20:42:57.865000,airbnb148339641,private_room,0,4,1,1,
airbnb59ad97668a46551f54f8d56c37,https://www.airbnb.es/rooms/13648795,2.165757081366994,41.44288041117575,2017-08-15 08:05:23.449000,2018-09-23 20:44:27.356000,airbnb79241476,private_room,0,1,0,7,
airbnb59ad97668a46551f54f8d56c38,https://www.airbnb.es/rooms/26422856,2.1677824227539997,41.44209045683959,2018-08-27 20:37:27.566000,2018-09-23 20:42:46.445000,airbnb198458998,private_room,1,3,3,1,
airbnb59ad97668a46551f54f8d56c39,https://www.airbnb.es/rooms/26392432,2.168506356528849,41.442761993287846,2018-08-27 20:37:20.997000,2018-09-23 20:41:38.137000,airbnb198458998,private_room,1,3,4,1,
airbnb59ad97668a46551f54f8d56c40,https://www.airbnb.es/rooms/23941651,2.168742745743001,41.44289875984647,2018-04-08 02:54:02.579000,2018-05-12 10:48:19.299000,airbnb104091096,private_room,1,1,3,1,18
airbnb59ad97668a46551f54f8d56c41,https://www.airbnb.es/rooms/23990447,2.171144818475785,41.44157901711894,2018-04-08 02:54:04.444000,2018-04-21 07:12:23.771000,airbnb180489526,entire_home,3,9,2,1,637
airbnb59ad97668a46551f54f8d56c42,https://www.airbnb.es/rooms/24634518,2.1727907423332646,41.44336591033594,2018-05-12 01:55:51.463000,2018-09-23 20:40:09.889000,airbnb186173276,private_room,1,1,6,331,
airbnb59ad97668a46551f54f8d56c43,https://www.airbnb.es/rooms/25991069,2.1731528074926922,41.44425395997813,2018-08-27 20:37:27.566000,2018-09-23 22:09:19.239000,airbnb27156730,private_room,0,1,0,60,
airbnb59ad97668a46551f54f8d56c44,https://www.airbnb.es/rooms/25576787,2.1725262182672607,41.444604885523965,2018-08-27 20:37:27.566000,2018-09-23 20:42:40.078000,airbnb27156730,private_room,1,2,0,60,
airbnb59ad97668a46551f54f8d56c45,https://www.airbnb.es/rooms/26268920,2.1725548862541326,41.44577619959628,2018-08-27 20:37:27.566000,2018-09-23 20:43:26.217000,airbnb27156730,entire_home,2,3,0,60,
airbnb59ad97668a46551f54f8d56c46,https://www.airbnb.es/rooms/20945219,2.174133669306565,41.44574849801251,2018-04-08 02:54:04.443000,2018-06-07 04:24:50.632000,airbnb150306924,entire_home,3,5,3,2,156
airbnb59ad97668a46551f54f8d56c47,https://www.airbnb.es/rooms/22493905,2.174319945778804,41.444018193523256,2018-04-08 02:54:07.611000,2018-05-12 10:53:22.566000,airbnb164988261,entire_home,3,6,2,3,86
airbnb59ad97668a46551f54f8d56c48,https://www.airbnb.es/rooms/17974912,2.174,41.444,2017-08-15 08:04:47.568000,2018-09-23 20:41:02.905000,airbnb2014393,private_room,1,2,21,1,
airbnb59ad97668a46551f54f8d56c49,https://www.airbnb.es/rooms/13587598,2.1737881161303267,41.444097155443856,2017-08-15 08:05:09.497000,2018-09-23 20:43:09.633000,airbnb17636635,private_room,0,2,7,2,
airbnb59ad97668a46551f54f8d56c50,https://www.airbnb.es/rooms/23960383,2.1737236578439507,41.44377057000783,2018-04-08 02:54:07.611000,2018-05-12 10:53:49.261000,airbnb180171366,entire_home,3,6,1,4,135
airbnb59ad97668a46551f54f8d56c51,https://www.airbnb.es/rooms/27737975,2.1741346027247563,41.44388646623154,2018-08-27 20:37:20.997000,2018-09-23 20:41:54.705000,airbnb191848310,entire_home,2,3,0,2,
airbnb59ad97668a46551f54f8d56c52,https://www.airbnb.es/rooms/26096710,2.1742370801063875,41.44235881391542,2018-08-27 20:37:20.996000,2018-09-23 20:40:46.130000,airbnb196068570,private_room,1,2,6,1,
airbnb59ad97668a46551f54f8d56c53,https://www.airbnb.es/rooms/19138115,2.17418563762155,41.44205711422988,2017-09-05 11:52:25.526000,2017-09-10 06:05:32.595000,airbnb15852448,private_room,1,2,2,3,30
airbnb59ad97668a46551f54f8d56c54,https://www.airbnb.es/rooms/18970396,2.173882339678356,41.44243168785992,2017-08-15 08:05:19.241000,2018-09-23 20:43:53.577000,airbnb45120858,private_room,1,2,0,3,
airbnb59ad97668a46551f54f8d56c55,https://www.airbnb.es/rooms/18971689,2.1730174808885936,41.44126479344257,2017-08-15 08:05:19.241000,2018-04-21 07:12:55.971000,airbnb45120858,private_room,1,2,0,3,38
airbnb59ad97668a46551f54f8d56c56,https://www.airbnb.es/rooms/19314515,2.173397457062987,41.44094718703092,2017-08-15 08:04:43.609000,2018-09-23 20:39:53.542000,airbnb135267973,private_room,1,2,13,3,
airbnb59ad97668a46551f54f8d56c57,https://www.airbnb.es/rooms/24450791,2.1733544206634763,41.44161572037331,2018-04-24 09:48:39.778000,2018-09-23 20:43:42.314000,airbnb58233907,private_room,1,2,0,1,
airbnb59ad97668a46551f54f8d56c58,https://www.airbnb.es/rooms/24450295,2.1739974902885835,41.44178612011885,2018-04-24 09:48:39.778000,2018-05-12 10:54:08.419000,airbnb58233907,entire_home,3,5,0,1,492
airbnb59ad97668a46551f54f8d56c59,https://www.airbnb.es/rooms/20171562,2.174034384066234,41.44104046683683,2017-08-15 08:05:19.240000,2018-09-23 20:42:05.839000,airbnb91308090,private_room,1,2,1,3,
airbnb59ad97668a46551f54f8d56c60,https://www.airbnb.es/rooms/18853699,2.1746601632703504,41.44081284375118,2017-08-15 08:04:51.658000,2018-04-21 07:12:21.143000,airbnb85425449,private_room,1,2,6,3,38
airbnb59ad97668a46551f54f8d56c61,https://www.airbnb.es/rooms/12182505,2.1745175461266757,41.441129363662505,2017-08-15 08:04:43.610000,2018-06-07 04:24:01.878000,airbnb62507789,private_room,0,2,35,2,42
airbnb59ad97668a46551f54f8d56c62,https://www.airbnb.es/rooms/6757263,2.175419743889407,41.44160420480247,2018-04-08 02:54:07.612000,2018-04-21 07:13:02.103000,airbnb35373929,private_room,0,2,11,2,45
airbnb59ad97668a46551f54f8d56c63,https://www.airbnb.es/rooms/19314753,2.1750852868098782,41.442450165161304,2017-08-15 08:04:55.968000,2018-09-23 20:42:22.052000,airbnb135267973,private_room,1,2,2,3,
airbnb59ad97668a46551f54f8d56c64,https://www.airbnb.es/rooms/7269518,2.17489730408137,41.442726189218575,2017-08-15 08:04:43.609000,2018-09-23 20:40:22.905000,airbnb743403,private_room,2,1,35,2,
airbnb59ad97668a46551f54f8d56c65,https://www.airbnb.es/rooms/13530998,2.1753850665629204,41.442360287578516,2017-08-15 08:05:27.832000,2018-06-07 04:25:20.605000,airbnb11477489,shared_room,2,2,6,2,33
airbnb59ad97668a46551f54f8d56c66,https://www.airbnb.es/rooms/19607667,2.1762043136549134,41.442298934308994,2018-04-24 09:48:35.621000,2018-06-07 04:42:51.925000,airbnb8464380,private_room,1,1,7,3,17
airbnb59ad97668a46551f54f8d56c67,https://www.airbnb.es/rooms/20188983,2.175989247874612,41.441647773415205,2017-08-15 08:04:51.657000,2017-10-09 12:00:07.888000,airbnb120185280,private_room,1,2,8,2,40
airbnb59ad97668a46551f54f8d56c68,https://www.airbnb.es/rooms/15436697,2.1790944033986808,41.44096612523858,2018-04-08 02:54:07.612000,2018-09-23 21:20:31.559000,airbnb98983671,shared_room,0,3,6,1,
airbnb59ad97668a46551f54f8d56c69,https://www.airbnb.es/rooms/12375463,2.179066080682499,41.442535652157765,2017-08-15 08:04:51.657000,2017-09-10 06:07:03.487000,airbnb8606295,private_room,1,4,38,1,32
airbnb59ad97668a46551f54f8d56c70,https://www.airbnb.es/rooms/12023915,2.179214114371239,41.44284894205562,2018-04-08 02:54:02.579000,2018-06-07 04:41:16.009000,airbnb62143651,private_room,1,1,35,2,24
airbnb59ad97668a46551f54f8d56c71,https://www.airbnb.es/rooms/18697697,2.1776818834777303,41.4424278863275,2018-05-26 14:57:09.552000,2018-06-07 04:43:13.201000,airbnb8464380,private_room,0,1,30,3,23
airbnb59ad97668a46551f54f8d56c72,https://www.airbnb.es/rooms/9807723,2.1778031165790823,41.442580639069654,2017-08-15 08:05:19.241000,2018-04-21 07:12:10.983000,airbnb16126398,entire_home,0,2,1,1,57
airbnb59ad97668a46551f54f8d56c73,https://www.airbnb.es/rooms/13409475,2.177234800762088,41.443921215150404,2017-08-15 08:04:55.969000,2018-05-12 06:25:59.037000,airbnb76357336,private_room,1,1,18,1,31
airbnb59ad97668a46551f54f8d56c74,https://www.airbnb.es/rooms/19034569,2.1781612085972717,41.44331674603279,2017-08-15 08:04:47.567000,2018-09-23 21:17:33.207000,airbnb132831021,private_room,1,1,7,2,
airbnb59ad97668a46551f54f8d56c75,https://www.airbnb.es/rooms/18306904,2.179043386827727,41.44379628679838,2017-08-15 08:05:09.498000,2017-09-10 06:07:19.560000,airbnb126616549,private_room,1,2,4,2,44
airbnb59ad97668a46551f54f8d56c76,https://www.airbnb.es/rooms/21306292,2.1783923903147273,41.44398648914209,2018-08-27 20:38:57.030000,2018-09-23 21:18:24.689000,airbnb154196669,entire_home,2,3,0,60,
airbnb59ad97668a46551f54f8d56c77,https://www.airbnb.es/rooms/25464597,2.178419494784294,41.445350175063645,2018-08-27 20:38:54.268000,2018-09-23 21:43:12.132000,airbnb192070483,private_room,0,1,0,1,
airbnb59ad97668a46551f54f8d56c78,https://www.airbnb.es/rooms/4600074,2.1783097855090325,41.445562112665236,2017-08-15 08:05:27.832000,2018-04-21 07:13:08.026000,airbnb2099961,private_room,0,2,0,2,19
airbnb59ad97668a46551f54f8d56c79,https://www.airbnb.es/rooms/21100594,2.1769551380356487,41.44424763498808,2018-04-08 02:54:02.580000,2018-09-23 21:16:01.736000,airbnb132831021,private_room,1,1,7,3,
airbnb59ad97668a46551f54f8d56c80,https://www.airbnb.es/rooms/7825059,2.176,41.444,2017-08-15 08:05:00.777000,2018-09-23 22:04:09.815000,airbnb2014393,private_room,1,1,37,1,
airbnb59ad97668a46551f54f8d56c81,https://www.airbnb.es/rooms/7493925,2.176,41.444,2017-08-15 08:05:00.778000,2018-09-23 20:39:19.252000,airbnb2014393,private_room,0,2,70,1,
airbnb59ad97668a46551f54f8d56c82,https://www.airbnb.es/rooms/16540023,2.175036045248123,41.44400020922165,2017-08-15 08:05:19.241000,2018-09-23 20:44:16.323000,airbnb108836031,private_room,2,1,0,5,
airbnb59ad97668a46551f54f8d56c83,https://www.airbnb.es/rooms/24302456,2.1755068540184914,41.44480051528638,2018-04-12 04:29:00.085000,2018-09-23 22:03:54.896000,airbnb183333457,private_room,1,2,30,1,
airbnb59ad97668a46551f54f8d56c84,https://www.airbnb.es/rooms/1701925,2.1750472292238006,41.44637844581606,2017-08-15 08:05:27.831000,2017-10-09 12:02:15.326000,airbnb8280592,entire_home,1,2,6,2,66
airbnb59ad97668a46551f54f8d56c85,https://www.airbnb.es/rooms/27667701,2.1754846166030557,41.44656207037812,2018-08-27 20:37:20.995000,2018-09-23 20:39:42.188000,airbnb183333457,private_room,1,2,8,1,
airbnb59ad97668a46551f54f8d56c86,https://www.airbnb.es/rooms/6072896,2.175301509809797,41.44609621267177,2017-08-15 08:05:27.832000,2017-09-10 06:08:17.302000,airbnb8280592,private_room,1,2,4,1,30
airbnb59ad97668a46551f54f8d56c87,https://www.airbnb.es/rooms/18871841,2.176714230659298,41.446352364874556,2017-08-15 08:05:19.240000,2017-09-10 06:08:20.985000,airbnb122216041,private_room,1,2,1,1,26
airbnb59ad97668a46551f54f8d56c88,https://www.airbnb.es/rooms/24866610,2.1767124167771983,41.44654138809589,2018-08-27 20:38:54.269000,2018-09-23 21:43:30.947000,airbnb58996772,entire_home,2,4,0,32,
airbnb59ad97668a46551f54f8d56c89,https://www.airbnb.es/rooms/20689991,2.1760203625207195,41.446993202076186,2017-09-05 11:52:17.055000,2017-09-10 06:08:23.973000,airbnb1782585,entire_home,2,3,0,1,80
airbnb59ad97668a46551f54f8d56c90,https://www.airbnb.es/rooms/18680221,2.1763058666070596,41.447206093373296,2017-08-15 08:05:23.449000,2017-09-10 06:08:27.146000,airbnb122216041,private_room,1,2,1,1,25
airbnb59ad97668a46551f54f8d56c91,https://www.airbnb.es/rooms/25933338,2.1764402927063506,41.447377035389486,2018-08-27 20:38:54.268000,2018-09-23 21:43:21.763000,airbnb163200956,private_room,1,2,13,1,
airbnb59ad97668a46551f54f8d56c92,https://www.airbnb.es/rooms/20623246,2.1763879775497093,41.44818343810172,2017-08-27 16:47:12.806000,2018-05-12 10:54:15.187000,airbnb137951932,private_room,1,2,7,1,16
airbnb59ad97668a46551f54f8d56c93,https://www.airbnb.es/rooms/18513302,2.175197379362732,41.44809178669051,2017-08-15 08:04:51.658000,2018-09-23 22:03:19.937000,airbnb54025692,private_room,2,2,107,1,
airbnb59ad97668a46551f54f8d56c94,https://www.airbnb.es/rooms/21405453,2.1749258488593184,41.44879325682816,2018-04-08 02:54:04.444000,2018-05-12 10:51:36.910000,airbnb134693077,entire_home,2,3,1,2,74
airbnb59ad97668a46551f54f8d56c95,https://www.airbnb.es/rooms/23155083,2.1751293624826817,41.44881309914897,2018-04-08 02:54:04.444000,2018-05-10 05:05:34.262000,airbnb172115104,entire_home,4,7,0,5,87
airbnb59ad97668a46551f54f8d56c96,https://www.airbnb.es/rooms/8586919,2.176746588194822,41.44976810979074,2017-08-15 08:05:19.241000,2018-05-12 10:55:02.507000,airbnb6606647,private_room,1,2,1,1,20
airbnb59ad97668a46551f54f8d56c97,https://www.airbnb.es/rooms/20853797,2.1765329100715167,41.449475309141384,2018-08-30 18:43:39.766000,2018-09-26 10:55:19.900000,airbnb41018859,entire_home,3,4,3,32,
airbnb59ad97668a46551f54f8d56c98,https://www.airbnb.es/rooms/23364998,2.1759572751540723,41.44897933636696,2018-04-08 02:54:09.178000,2018-05-10 05:06:12.321000,airbnb6134910,entire_home,0,4,0,14,84
airbnb59ad97668a46551f54f8d56c99,https://www.airbnb.es/rooms/24832619,2.1765902052284285,41.44827106996783,2018-05-09 08:21:06.540000,2018-05-11 14:49:28.515000,airbnb21504822,shared_room,0,1,0,1,12
airbnb59ad97668a46551f54f8d56c100,https://www.airbnb.es/rooms/14845940,2.177028171507567,41.44825667157417,2017-08-15 08:05:09.497000,2018-09-23 21:16:40.951000,airbnb54848814,private_room,0,1,31,2,
airbnb59ad97668a46551f54f8d56c101,https://www.airbnb.es/rooms/9075880,2.178161870661271,41.44843030810105,2017-08-15 08:04:55.969000,2018-09-23 21:14:52.494000,airbnb47333975,entire_home,1,2,15,4,
airbnb59ad97668a46551f54f8d56c102,https://www.airbnb.es/rooms/24533436,2.177920516110558,41.448880738082806,2018-04-24 09:48:16.059000,2018-05-12 10:48:24.903000,airbnb21504822,shared_room,1,2,1,1,37
airbnb59ad97668a46551f54f8d56c103,https://www.airbnb.es/rooms/23241944,2.17715273572877,41.44764607783476,2018-04-24 09:48:27.369000,2018-06-07 04:42:47.574000,airbnb78774930,shared_room,1,1,2,2,17
airbnb59ad97668a46551f54f8d56c104,https://www.airbnb.es/rooms/24898571,2.177425957698425,41.44737641255547,2018-08-27 20:38:57.030000,2018-09-23 21:18:44.416000,airbnb96299106,entire_home,2,4,0,32,
airbnb59ad97668a46551f54f8d56c105,https://www.airbnb.es/rooms/20473842,2.1777280487430235,41.4472477839015,2018-05-09 08:21:06.540000,2018-06-07 04:42:07.194000,airbnb146165337,private_room,2,2,7,3,24
airbnb59ad97668a46551f54f8d56c106,https://www.airbnb.es/rooms/22977351,2.1781544900288807,41.4474481002713,2018-04-24 09:48:16.059000,2018-06-07 04:42:14.493000,airbnb78774930,private_room,1,2,15,2,17
airbnb59ad97668a46551f54f8d56c107,https://www.airbnb.es/rooms/22740402,2.1775839924150087,41.44606791059484,2018-04-08 02:54:02.580000,2018-05-12 10:51:01.285000,airbnb76073513,private_room,1,2,6,1,34
airbnb59ad97668a46551f54f8d56c108,https://www.airbnb.es/rooms/13896093,2.1798443960441953,41.449545164104926,2017-08-15 08:04:43.609000,2018-05-12 10:48:28.285000,airbnb82329514,private_room,1,2,11,1,17
airbnb59ad97668a46551f54f8d56c109,https://www.airbnb.es/rooms/11979539,2.1824642018941818,41.44973502344706,2017-08-15 08:05:13.571000,2018-09-26 11:40:21.708000,airbnb20859252,private_room,2,3,72,1,
airbnb59ad97668a46551f54f8d56c110,https://www.airbnb.es/rooms/18891341,2.1838108701461185,41.4493787583503,2017-08-15 08:05:00.777000,2018-06-07 04:45:07.859000,airbnb41447299,entire_home,2,3,0,6,68
airbnb59ad97668a46551f54f8d56c111,https://www.airbnb.es/rooms/19474585,2.1842079287673943,41.44856440736801,2017-08-15 08:04:43.609000,2018-09-23 21:16:17.156000,airbnb93915198,entire_home,0,2,38,3,
airbnb59ad97668a46551f54f8d56c112,https://www.airbnb.es/rooms/14842232,2.184001121770704,41.447796976851876,2017-08-15 08:04:43.609000,2018-06-07 04:42:43.712000,airbnb92873591,private_room,1,2,19,2,42
airbnb59ad97668a46551f54f8d56c113,https://www.airbnb.es/rooms/15854127,2.1836901651954026,41.447294361317766,2018-04-08 02:54:25.384000,2018-06-07 04:43:02.699000,airbnb34338444,entire_home,0,3,0,3,115
airbnb59ad97668a46551f54f8d56c114,https://www.airbnb.es/rooms/26934998,2.1827492521903022,41.44757711572399,2018-08-27 20:38:54.269000,2018-09-23 21:43:37.558000,airbnb202668449,private_room,1,1,2,3,
airbnb59ad97668a46551f54f8d56c115,https://www.airbnb.es/rooms/22364781,2.182713582473062,41.44703789346414,2018-08-27 20:38:54.268000,2018-09-23 21:16:30.986000,airbnb163543442,private_room,1,1,3,2,
airbnb59ad97668a46551f54f8d56c116,https://www.airbnb.es/rooms/19104137,2.1830762963136237,41.44653496119131,2017-08-15 08:04:47.568000,2017-09-10 06:09:43.616000,airbnb133477040,shared_room,1,1,6,2,10
airbnb59ad97668a46551f54f8d56c117,https://www.airbnb.es/rooms/20507786,2.182054538299266,41.44615292444064,2017-08-27 16:47:24.821000,2018-05-12 10:53:00.030000,airbnb132292417,entire_home,1,2,0,2,55
airbnb59ad97668a46551f54f8d56c118,https://www.airbnb.es/rooms/21837715,2.182993612542202,41.44600072875951,2018-04-08 02:54:18.803000,2018-04-21 07:15:59.412000,airbnb141351010,private_room,1,3,2,1,14
airbnb59ad97668a46551f54f8d56c119,https://www.airbnb.es/rooms/675174,2.18316038552571,41.44624096160064,2017-08-15 08:05:19.241000,2018-09-23 21:43:57.115000,airbnb3429484,private_room,0,1,0,8,
airbnb59ad97668a46551f54f8d56c120,https://www.airbnb.es/rooms/27309962,2.1838202596978835,41.44592155696956,2018-08-27 20:38:57.030000,2018-09-23 21:19:30.772000,airbnb205757161,private_room,1,1,0,1,
airbnb59ad97668a46551f54f8d56c121,https://www.airbnb.es/rooms/20160352,2.18427810104527,41.44558102294361,2018-04-08 02:54:10.931000,2018-04-21 07:15:13.796000,airbnb143466357,private_room,1,2,1,2,45
airbnb59ad97668a46551f54f8d56c122,https://www.airbnb.es/rooms/16409788,2.1839473903245867,41.44531103279985,2017-08-15 08:04:51.657000,2017-09-10 06:10:15.275000,airbnb31511923,entire_home,3,6,21,2,98
airbnb59ad97668a46551f54f8d56c123,https://www.airbnb.es/rooms/19200156,2.1837100655685844,41.44468150629989,2017-08-15 08:04:51.657000,2017-09-10 06:10:19.572000,airbnb134330512,private_room,1,3,1,2,13
airbnb59ad97668a46551f54f8d56c124,https://www.airbnb.es/rooms/20451520,2.183147071114266,41.44486922372421,2017-08-15 08:04:55.969000,2017-09-10 06:10:23.908000,airbnb145980923,private_room,1,3,0,2,13
airbnb59ad97668a46551f54f8d56c125,https://www.airbnb.es/rooms/24281016,2.1840391774656505,41.44474657751838,2018-05-02 14:51:18.335000,2018-09-23 21:14:22.948000,airbnb182670626,private_room,1,1,30,2,
airbnb59ad97668a46551f54f8d56c126,https://www.airbnb.es/rooms/27045237,2.1827561450294835,41.44400777603712,2018-08-27 20:38:57.030000,2018-09-23 21:20:18.820000,airbnb198598822,entire_home,4,5,0,3,
airbnb59ad97668a46551f54f8d56c127,https://www.airbnb.es/rooms/21289664,2.1822330164677752,41.44436893613143,2018-04-08 02:54:25.384000,2018-05-12 10:53:43.643000,airbnb153903458,entire_home,4,5,13,3,86
airbnb59ad97668a46551f54f8d56c128,https://www.airbnb.es/rooms/20260952,2.1816914880194758,41.44485751465207,2017-08-15 08:04:55.968000,2017-09-10 06:10:37.501000,airbnb143557594,private_room,1,1,1,1,26
airbnb59ad97668a46551f54f8d56c129,https://www.airbnb.es/rooms/19793191,2.1803536927631613,41.44485231151701,2017-08-15 08:05:09.497000,2018-04-21 07:15:45.802000,airbnb139783782,entire_home,1,3,0,3,64
airbnb59ad97668a46551f54f8d56c130,https://www.airbnb.es/rooms/6715938,2.1796870798435233,41.444124758147105,2018-08-27 20:38:57.030000,2018-09-23 21:20:10.764000,airbnb3429484,private_room,2,1,0,90,
airbnb59ad97668a46551f54f8d56c131,https://www.airbnb.es/rooms/3054715,2.1809287547798037,41.44391265763212,2017-08-15 08:04:47.568000,2018-09-23 21:19:42.882000,airbnb15366340,private_room,1,2,85,1,
airbnb59ad97668a46551f54f8d56c132,https://www.airbnb.es/rooms/26888238,2.181355449922909,41.443326173114095,2018-08-27 20:38:57.030000,2018-09-23 21:18:16.203000,airbnb185299038,private_room,1,1,3,1,
airbnb59ad97668a46551f54f8d56c133,https://www.airbnb.es/rooms/26647285,2.181862931313739,41.44197852009127,2018-08-27 20:38:57.030000,2018-09-23 21:20:02.117000,airbnb200322489,private_room,1,1,1,5,
airbnb59ad97668a46551f54f8d56c134,https://www.airbnb.es/rooms/12734768,2.1794601956028523,41.442543610125625,2017-08-15 08:05:05.280000,2018-06-07 04:43:46.175000,airbnb68987901,entire_home,4,5,14,1,206
airbnb59ad97668a46551f54f8d56c135,https://www.airbnb.es/rooms/21088858,2.182320753155163,41.44284468189521,2018-04-08 02:54:18.803000,2018-06-07 04:43:19.199000,airbnb151934150,private_room,1,1,1,1,61
airbnb59ad97668a46551f54f8d56c136,https://www.airbnb.es/rooms/13854084,2.1826359150026273,41.44256788348885,2017-08-15 08:04:47.568000,2017-10-09 12:00:03.972000,airbnb81830206,private_room,1,2,70,1,22
airbnb59ad97668a46551f54f8d56c137,https://www.airbnb.es/rooms/25716450,2.1833341821428838,41.442578451273874,2018-08-27 20:38:57.030000,2018-09-23 21:19:07.403000,airbnb193439974,private_room,1,2,3,2,
airbnb59ad97668a46551f54f8d56c138,https://www.airbnb.es/rooms/17468778,2.183226772022951,41.442945701644575,2017-08-15 08:05:09.497000,2017-09-10 06:11:19.380000,airbnb118239602,private_room,0,2,1,2,50
airbnb59ad97668a46551f54f8d56c139,https://www.airbnb.es/rooms/24429174,2.1836410701822593,41.440833945159994,2018-04-24 09:48:23.637000,2018-05-12 10:50:35.699000,airbnb20763774,private_room,1,2,2,5,23
airbnb59ad97668a46551f54f8d56c140,https://www.airbnb.es/rooms/24841517,2.1836106336687653,41.44033845882533,2018-05-07 04:21:06.927000,2018-06-07 04:33:51.952000,airbnb20763774,private_room,1,1,0,5,18
airbnb59ad97668a46551f54f8d56c141,https://www.airbnb.es/rooms/17112286,2.183469011497953,41.43765246659233,2018-04-08 02:53:06.695000,2018-04-21 06:50:34.114000,airbnb94125958,private_room,2,4,1,2,51
airbnb59ad97668a46551f54f8d56c142,https://www.airbnb.es/rooms/7911423,2.1842514780736884,41.43636519013772,2017-08-15 08:05:23.449000,2018-04-21 06:53:06.425000,airbnb41714674,private_room,0,1,0,1,38
airbnb59ad97668a46551f54f8d56c143,https://www.airbnb.es/rooms/14871537,2.181066686204429,41.43612773470646,2017-08-15 11:46:09.653000,2017-09-10 06:11:26.637000,airbnb93148567,private_room,1,1,31,2,18
airbnb59ad97668a46551f54f8d56c144,https://www.airbnb.es/rooms/25603906,2.1798506109839986,41.43873797563292,2018-08-27 20:38:05.713000,2018-09-23 22:10:29.042000,airbnb1611993,private_room,1,4,7,1,
airbnb59ad97668a46551f54f8d56c145,https://www.airbnb.es/rooms/22790871,2.18045739767353,41.4389919184182,2018-04-24 09:48:39.778000,2018-05-12 10:53:52.025000,airbnb95556596,entire_home,3,4,0,2,209
airbnb59ad97668a46551f54f8d56c146,https://www.airbnb.es/rooms/23802475,2.180449469680214,41.43826952701561,2018-04-08 02:52:56.126000,2018-09-23 20:44:53.304000,airbnb95556596,private_room,1,2,24,1,
airbnb59ad97668a46551f54f8d56c147,https://www.airbnb.es/rooms/23371585,2.1803706878532894,41.440432370612285,2018-04-08 02:54:18.803000,2018-05-12 10:50:44.989000,airbnb174026103,entire_home,1,2,4,2,98
airbnb59ad97668a46551f54f8d56c148,https://www.airbnb.es/rooms/20829122,2.179094493207443,41.438965003717776,2018-04-24 09:48:49.441000,2018-05-12 10:55:20.330000,airbnb149416599,private_room,2,1,0,1,31
airbnb59ad97668a46551f54f8d56c149,https://www.airbnb.es/rooms/22464059,2.178035026009721,41.439461311755935,2018-04-24 09:48:31.998000,2018-05-12 10:52:25.959000,airbnb66008321,entire_home,1,2,12,1,74
airbnb59ad97668a46551f54f8d56c150,https://www.airbnb.es/rooms/20446361,2.17750966608425,41.438671695237154,2017-08-27 16:47:20.707000,2018-09-23 22:12:01.771000,airbnb145934005,private_room,1,2,11,2,
airbnb59ad97668a46551f54f8d56c151,https://www.airbnb.es/rooms/19942571,2.177792831716053,41.4404039536198,2018-04-08 02:54:07.611000,2018-04-21 07:12:37.284000,airbnb66008321,private_room,1,2,1,1,51
airbnb59ad97668a46551f54f8d56c152,https://www.airbnb.es/rooms/6550734,2.1770685525119533,41.44038946572273,2017-08-15 08:05:00.777000,2018-09-23 22:10:04.938000,airbnb34262767,private_room,2,2,69,2,
airbnb59ad97668a46551f54f8d56c153,https://www.airbnb.es/rooms/24190589,2.1764817189007886,41.4396532786933,2018-04-08 03:09:59.041000,2018-09-23 22:10:12.508000,airbnb81457289,private_room,1,2,25,2,
airbnb59ad97668a46551f54f8d56c154,https://www.airbnb.es/rooms/11842872,2.176342986619284,41.43987001327947,2018-04-08 03:10:07.894000,2018-09-23 21:06:26.733000,airbnb62384682,private_room,0,2,1,20,
airbnb59ad97668a46551f54f8d56c155,https://www.airbnb.es/rooms/10027256,2.175131411659808,41.44023129714481,2017-08-15 08:04:47.567000,2018-09-23 21:10:12.189000,airbnb34262767,private_room,2,2,121,2,
airbnb59ad97668a46551f54f8d56c156,https://www.airbnb.es/rooms/16909169,2.1754129680624668,41.440483037206064,2018-04-08 02:54:02.580000,2018-09-23 21:58:06.847000,airbnb112864525,private_room,1,2,16,2,
airbnb59ad97668a46551f54f8d56c157,https://www.airbnb.es/rooms/15321574,2.1750414191269005,41.440154478527816,2018-08-27 20:36:08.790000,2018-09-23 21:11:27.553000,airbnb34109198,entire_home,2,2,5,31,
airbnb59ad97668a46551f54f8d56c158,https://www.airbnb.es/rooms/18830183,2.1748259869541298,41.43991790519631,2017-08-15 08:05:13.572000,2018-06-07 04:23:13.275000,airbnb131127115,private_room,0,1,0,1,36
airbnb59ad97668a46551f54f8d56c159,https://www.airbnb.es/rooms/11748372,2.175227310530072,41.43946253169325,2018-05-26 14:56:06.982000,2018-06-07 04:22:14.309000,airbnb62507789,private_room,0,3,21,2,67
airbnb59ad97668a46551f54f8d56c160,https://www.airbnb.es/rooms/19948410,2.176151524981429,41.43929963310321,2017-08-15 08:05:00.777000,2017-09-10 06:11:52.680000,airbnb141381220,private_room,0,2,3,1,59
airbnb59ad97668a46551f54f8d56c161,https://www.airbnb.es/rooms/20543982,2.1769488523473526,41.43714338391829,2017-08-27 16:47:36.802000,2018-09-23 22:11:28.141000,airbnb145934005,private_room,1,4,18,1,
airbnb59ad97668a46551f54f8d56c162,https://www.airbnb.es/rooms/11313478,2.1751836561344935,41.43782407079993,2017-08-15 08:05:23.449000,2017-09-10 06:11:58.786000,airbnb59158524,private_room,1,2,0,1,65
airbnb59ad97668a46551f54f8d56c163,https://www.airbnb.es/rooms/23268496,2.175687913119036,41.43752943624626,2018-04-08 03:09:59.040000,2018-09-23 21:54:41.811000,airbnb173194848,private_room,1,1,12,4,
airbnb59ad97668a46551f54f8d56c164,https://www.airbnb.es/rooms/24723683,2.1745397842542364,41.43684800675816,2018-05-07 04:19:55.784000,2018-05-10 05:05:21.134000,airbnb27151822,private_room,1,1,0,3,37
airbnb59ad97668a46551f54f8d56c165,https://www.airbnb.es/rooms/709925,2.175057801055705,41.43640177346575,2017-08-15 08:05:05.280000,2018-05-12 10:51:51.963000,airbnb3653203,private_room,1,1,3,5,28
airbnb59ad97668a46551f54f8d56c166,https://www.airbnb.es/rooms/12201484,2.175053541411802,41.43600595407287,2017-08-15 11:45:09.277000,2018-09-23 21:11:05.088000,airbnb52080041,private_room,2,2,54,1,
airbnb59ad97668a46551f54f8d56c167,https://www.airbnb.es/rooms/17859502,2.1757832595872997,41.4360484206803,2017-08-15 11:44:57.236000,2018-09-23 21:58:19.823000,airbnb52080041,private_room,2,2,43,1,
airbnb59ad97668a46551f54f8d56c168,https://www.airbnb.es/rooms/24616180,2.175943448738097,41.43583696612423,2018-05-07 04:21:06.928000,2018-06-07 04:34:00.555000,airbnb140937417,private_room,1,1,2,1,18
airbnb59ad97668a46551f54f8d56c169,https://www.airbnb.es/rooms/15457711,2.1778024881275986,41.43682076000724,2017-08-15 08:05:05.279000,2017-09-10 06:12:14.005000,airbnb99168513,private_room,1,2,14,2,58
airbnb59ad97668a46551f54f8d56c170,https://www.airbnb.es/rooms/23496713,2.1787221971768016,41.438051023342034,2018-04-08 03:09:59.041000,2018-04-11 18:39:11.881000,airbnb175454650,private_room,1,1,0,1,38
airbnb59ad97668a46551f54f8d56c171,https://www.airbnb.es/rooms/23193187,2.179361661542028,41.43732021892449,2018-05-02 14:50:59.960000,2018-09-23 20:44:46.810000,airbnb171867577,private_room,1,2,13,2,
airbnb59ad97668a46551f54f8d56c172,https://www.airbnb.es/rooms/16188048,2.1783339214088864,41.436020226372925,2018-04-08 03:09:59.040000,2018-05-12 10:51:24.164000,airbnb34966063,private_room,1,1,13,3,25
airbnb59ad97668a46551f54f8d56c173,https://www.airbnb.es/rooms/6711296,2.1792788884932435,41.43475752990928,2017-08-15 11:45:17.726000,2018-09-23 20:44:35.054000,airbnb34966063,private_room,2,3,103,1,
airbnb59ad97668a46551f54f8d56c174,https://www.airbnb.es/rooms/20480105,2.1768267237062955,41.43479617804579,2017-08-29 20:04:58.076000,2017-09-10 06:12:35.184000,airbnb99770973,private_room,1,2,0,1,45
airbnb59ad97668a46551f54f8d56c175,https://www.airbnb.es/rooms/1487939,2.1765322627488555,41.43468209736221,2018-04-24 09:48:27.369000,2018-09-23 21:06:16.717000,airbnb7957006,private_room,1,2,60,3,
airbnb59ad97668a46551f54f8d56c176,https://www.airbnb.es/rooms/539349,2.175617666871629,41.43570111586511,2017-08-15 11:45:38.941000,2018-09-23 20:37:37.059000,airbnb2650341,private_room,0,2,0,1,
airbnb59ad97668a46551f54f8d56c177,https://www.airbnb.es/rooms/22839673,2.1756884519904762,41.43530223917526,2018-04-12 04:29:00.085000,2018-09-23 20:36:06.155000,airbnb168867586,private_room,1,2,4,1,
airbnb59ad97668a46551f54f8d56c178,https://www.airbnb.es/rooms/253195,2.1745783022418825,41.435510626836624,2017-08-15 11:45:13.465000,2017-09-10 06:12:42.367000,airbnb1329256,private_room,1,2,24,1,20
airbnb59ad97668a46551f54f8d56c179,https://www.airbnb.es/rooms/23770749,2.174719065425731,41.4352401443646,2018-04-08 03:09:59.040000,2018-09-23 21:54:06.623000,airbnb39261812,private_room,1,1,12,2,
airbnb59ad97668a46551f54f8d56c180,https://www.airbnb.es/rooms/26678953,2.1745455426937377,41.43400335821992,2018-08-27 20:36:11.014000,2018-09-23 20:35:42.459000,airbnb188685794,private_room,0,2,1,1,
airbnb59ad97668a46551f54f8d56c181,https://www.airbnb.es/rooms/13303616,2.174914227912568,41.43329289383271,2017-08-15 11:45:34.582000,2017-09-10 06:12:45.934000,airbnb11368827,private_room,1,2,8,1,30
airbnb59ad97668a46551f54f8d56c182,https://www.airbnb.es/rooms/19223826,2.175181500127478,41.433872900986344,2017-08-15 11:45:01.436000,2018-09-23 20:35:54.757000,airbnb134562242,private_room,1,2,13,2,
airbnb59ad97668a46551f54f8d56c183,https://www.airbnb.es/rooms/18713546,2.1764216937305556,41.43370570731307,2017-08-15 11:45:09.277000,2017-09-10 06:12:53.215000,airbnb130115643,private_room,1,2,5,1,49
airbnb59ad97668a46551f54f8d56c184,https://www.airbnb.es/rooms/11729388,2.176110983622698,41.43285672227066,2017-08-15 11:45:42.561000,2018-09-23 21:06:43.167000,airbnb62384682,private_room,0,1,7,20,
airbnb59ad97668a46551f54f8d56c185,https://www.airbnb.es/rooms/17885467,2.1747523161839797,41.4322845582913,2017-08-15 11:44:53.415000,2017-09-10 06:13:04.244000,airbnb122487114,entire_home,0,2,24,2,47
airbnb59ad97668a46551f54f8d56c186,https://www.airbnb.es/rooms/11218123,2.1754484724423575,41.43241544592416,2018-04-08 03:10:07.894000,2018-05-12 10:55:51.447000,airbnb58445490,private_room,2,4,6,5,37
airbnb59ad97668a46551f54f8d56c187,https://www.airbnb.es/rooms/3526400,2.17512954634402,41.43142850318095,2017-08-29 20:05:06.509000,2018-05-12 10:56:35.186000,airbnb4058685,private_room,0,2,2,4,37
airbnb59ad97668a46551f54f8d56c188,https://www.airbnb.es/rooms/20118573,2.1768685833712516,41.431225786297446,2017-08-29 20:04:53.740000,2017-09-10 06:13:11.755000,airbnb143001424,private_room,1,2,3,2,35
airbnb59ad97668a46551f54f8d56c189,https://www.airbnb.es/rooms/24171409,2.176674783682733,41.43101653983454,2018-04-08 03:09:34.293000,2018-04-11 18:32:45.735000,airbnb175454650,private_room,2,2,2,1,32
airbnb59ad97668a46551f54f8d56c190,https://www.airbnb.es/rooms/17115826,2.177843686530548,41.431253013074986,2017-08-15 11:45:13.465000,2018-09-25 14:53:23.661000,airbnb67701382,private_room,2,2,34,3,
airbnb59ad97668a46551f54f8d56c191,https://www.airbnb.es/rooms/13769008,2.177660663564321,41.43314699790918,2017-08-15 11:45:09.276000,2017-09-10 06:13:19.325000,airbnb42513273,entire_home,2,4,54,5,100
airbnb59ad97668a46551f54f8d56c192,https://www.airbnb.es/rooms/22930786,2.1787761997076416,41.43206161304486,2018-04-24 09:48:31.998000,2018-05-12 10:52:40.915000,airbnb19345700,entire_home,1,2,0,5,43
airbnb59ad97668a46551f54f8d56c193,https://www.airbnb.es/rooms/6941186,2.178306230193491,41.43237094050448,2017-08-15 11:45:21.817000,2017-10-10 05:59:38.194000,airbnb30234166,private_room,1,2,74,1,30
airbnb59ad97668a46551f54f8d56c194,https://www.airbnb.es/rooms/6951966,2.1789972151031836,41.43139409511209,2017-08-15 11:45:17.726000,2018-09-25 13:34:40.299000,airbnb30234166,private_room,1,2,105,1,
airbnb59ad97668a46551f54f8d56c195,https://www.airbnb.es/rooms/19297091,2.179091702981947,41.430767302157264,2018-05-26 14:56:32.708000,2018-09-25 15:08:05.787000,airbnb135139450,private_room,0,3,8,1,
airbnb59ad97668a46551f54f8d56c196,https://www.airbnb.es/rooms/15012271,2.1793436710276364,41.43106742717214,2017-08-15 11:45:21.817000,2017-09-10 06:13:40.775000,airbnb93148567,private_room,1,1,2,2,20
airbnb59ad97668a46551f54f8d56c197,https://www.airbnb.es/rooms/20067919,2.1794539898533904,41.430890560117945,2017-08-15 11:45:13.465000,2018-09-25 13:34:17.736000,airbnb141365084,private_room,1,3,16,2,
airbnb59ad97668a46551f54f8d56c198,https://www.airbnb.es/rooms/8509589,2.1795242678618214,41.43099278227938,2017-08-29 20:05:06.508000,2017-09-10 06:13:47.604000,airbnb3592876,private_room,1,1,0,1,15
airbnb59ad97668a46551f54f8d56c199,https://www.airbnb.es/rooms/1730807,2.179572077091313,41.4308440902741,2017-08-15 11:45:38.940000,2018-06-07 04:31:47.811000,airbnb2778630,private_room,1,2,25,6,25
airbnb59ad97668a46551f54f8d56c200,https://www.airbnb.es/rooms/12550645,2.180380887129766,41.43132346604057,2017-08-15 11:46:21.989000,2017-09-10 06:13:54.834000,airbnb26342994,private_room,1,2,0,1,50
airbnb59ad97668a46551f54f8d56c201,https://www.airbnb.es/rooms/19707551,2.180771659952712,41.43109443116999,2017-08-15 11:45:49.757000,2018-06-07 04:26:06.987000,airbnb32341137,private_room,2,1,24,2,36
airbnb59ad97668a46551f54f8d56c202,https://www.airbnb.es/rooms/6597213,2.180992867308757,41.43160963201223,2018-04-24 09:48:44.925000,2018-06-07 04:31:28.100000,airbnb2778630,private_room,0,2,5,1,48
airbnb59ad97668a46551f54f8d56c203,https://www.airbnb.es/rooms/16586298,2.181250341570303,41.43148218889722,2017-08-15 11:46:26.169000,2018-09-25 13:34:36.180000,airbnb17829793,private_room,0,1,4,2,
airbnb59ad97668a46551f54f8d56c204,https://www.airbnb.es/rooms/564958,2.181057792315716,41.432430908798565,2017-08-15 11:46:17.802000,2018-06-07 04:31:53.793000,airbnb2778630,private_room,1,4,137,6,40
airbnb59ad97668a46551f54f8d56c205,https://www.airbnb.es/rooms/22066942,2.180653794351695,41.43276048501946,2018-04-08 02:53:00.807000,2018-05-12 10:52:22.745000,airbnb19345700,entire_home,0,2,1,5,37
airbnb59ad97668a46551f54f8d56c206,https://www.airbnb.es/rooms/23318460,2.180289918205314,41.43221595447589,2018-04-08 02:52:56.126000,2018-09-25 14:53:39.542000,airbnb9847068,private_room,1,2,10,3,
airbnb59ad97668a46551f54f8d56c207,https://www.airbnb.es/rooms/17789197,2.18,41.432,2017-08-15 11:45:21.818000,2018-09-25 13:34:09.194000,airbnb121508668,private_room,1,1,75,1,
airbnb59ad97668a46551f54f8d56c208,https://www.airbnb.es/rooms/3472832,2.182186479777284,41.431305519783365,2017-08-15 11:46:21.990000,2018-05-12 10:55:57.813000,airbnb7274463,entire_home,3,4,4,3,147
airbnb59ad97668a46551f54f8d56c209,https://www.airbnb.es/rooms/19085526,2.181942702887581,41.43099238913725,2017-08-15 11:46:09.652000,2018-06-07 04:31:41.675000,airbnb81174186,private_room,2,2,11,1,18
airbnb59ad97668a46551f54f8d56c210,https://www.airbnb.es/rooms/20294819,2.183621700089278,41.428684313982714,2017-08-15 11:46:05.566000,2018-06-07 04:29:11.776000,airbnb85100419,private_room,2,2,3,3,42
airbnb59ad97668a46551f54f8d56c211,https://www.airbnb.es/rooms/13129973,2.1833050396096936,41.428452804822264,2017-08-15 11:45:53.830000,2018-06-07 04:26:22.282000,airbnb72696923,private_room,1,2,44,2,44
airbnb59ad97668a46551f54f8d56c212,https://www.airbnb.es/rooms/20295882,2.1836681354952656,41.42887483684027,2017-08-15 11:45:53.831000,2018-06-07 04:27:44.177000,airbnb85100419,private_room,2,2,4,2,36
airbnb59ad97668a46551f54f8d56c213,https://www.airbnb.es/rooms/20737530,2.183468327947674,41.42917479968232,2017-09-05 12:06:03.956000,2018-06-07 04:29:26.549000,airbnb85100419,private_room,1,1,7,2,24
airbnb59ad97668a46551f54f8d56c214,https://www.airbnb.es/rooms/1756975,2.1819566748136987,41.42871377378695,2017-08-15 11:46:13.668000,2018-06-07 04:29:16.225000,airbnb8965423,entire_home,3,4,54,3,97
airbnb59ad97668a46551f54f8d56c215,https://www.airbnb.es/rooms/1196112,2.1819501774497616,41.42896013331011,2017-08-15 11:46:09.653000,2018-06-07 04:30:44.476000,airbnb1035045,private_room,3,4,27,3,97
airbnb59ad97668a46551f54f8d56c216,https://www.airbnb.es/rooms/12854085,2.1823481304884087,41.429237373265494,2017-08-15 11:45:49.758000,2018-06-07 04:25:42.529000,airbnb70236248,private_room,2,3,46,1,35
airbnb59ad97668a46551f54f8d56c217,https://www.airbnb.es/rooms/20021351,2.181907201812548,41.42948632153338,2017-08-15 11:45:53.831000,2018-06-07 04:25:59.487000,airbnb142167994,private_room,0,2,35,1,61
airbnb59ad97668a46551f54f8d56c218,https://www.airbnb.es/rooms/1111989,2.1828492407129247,41.42962054539953,2017-08-15 11:46:26.170000,2018-06-07 04:28:27.126000,airbnb6099977,entire_home,3,5,21,3,152
airbnb59ad97668a46551f54f8d56c219,https://www.airbnb.es/rooms/13204629,2.181260957012868,41.430266757904626,2017-08-15 11:46:05.567000,2018-09-25 14:53:04.359000,airbnb72696923,private_room,1,2,65,2,
airbnb59ad97668a46551f54f8d56c220,https://www.airbnb.es/rooms/15205822,2.1815914939998873,41.42973803059709,2017-09-05 12:06:33.530000,2018-04-29 20:54:06.603000,airbnb96579548,private_room,2,4,0,1,49
airbnb59ad97668a46551f54f8d56c221,https://www.airbnb.es/rooms/20345,2.181557864385909,41.42949697771672,2018-04-08 02:53:00.806000,2018-06-07 04:26:54.936000,airbnb76809,private_room,2,4,71,2,30
airbnb59ad97668a46551f54f8d56c222,https://www.airbnb.es/rooms/14796181,2.181225812342264,41.42983673711434,2017-08-15 11:46:01.620000,2017-10-10 06:01:09.811000,airbnb87718651,entire_home,2,4,37,3,80
airbnb59ad97668a46551f54f8d56c223,https://www.airbnb.es/rooms/12994549,2.1812036902050806,41.429497085440346,2017-08-15 11:46:05.566000,2018-09-25 13:34:21.701000,airbnb70236248,private_room,2,4,47,1,
airbnb59ad97668a46551f54f8d56c224,https://www.airbnb.es/rooms/26161180,2.180918803754359,41.429917437982,2018-08-28 19:49:10.011000,2018-09-25 14:55:19.482000,airbnb196633829,private_room,0,1,0,3,
airbnb59ad97668a46551f54f8d56c225,https://www.airbnb.es/rooms/21311449,2.1809129419636077,41.4299945936531,2018-04-08 02:52:58.619000,2018-05-12 14:03:08.233000,airbnb144178235,private_room,0,1,8,1,15
airbnb59ad97668a46551f54f8d56c226,https://www.airbnb.es/rooms/20005682,2.179609099915097,41.43061420409082,2017-08-29 20:04:49.738000,2018-09-25 14:54:22.844000,airbnb141365084,private_room,2,3,8,3,
airbnb59ad97668a46551f54f8d56c227,https://www.airbnb.es/rooms/18560969,2.1796220246725766,41.43052364990154,2017-08-15 11:45:21.816000,2018-04-21 06:51:18.527000,airbnb89666472,entire_home,4,4,1,2,52
airbnb59ad97668a46551f54f8d56c228,https://www.airbnb.es/rooms/7781745,2.1798339892730834,41.42985682277701,2018-04-08 02:53:25.648000,2018-09-25 14:55:05.601000,airbnb40944745,private_room,1,1,18,1,
airbnb59ad97668a46551f54f8d56c229,https://www.airbnb.es/rooms/15574076,2.180265715698883,41.42934298320479,2017-08-15 11:46:26.169000,2017-09-10 06:16:03.574000,airbnb84684744,private_room,1,2,6,3,35
airbnb59ad97668a46551f54f8d56c230,https://www.airbnb.es/rooms/13277929,2.180592112545845,41.42876914631633,2017-08-15 11:46:26.170000,2018-04-21 06:53:54.582000,airbnb22979755,private_room,0,2,4,1,34
airbnb59ad97668a46551f54f8d56c231,https://www.airbnb.es/rooms/19871534,2.1808622607363786,41.42912942574479,2017-08-15 11:46:05.566000,2017-09-10 06:16:10.482000,airbnb131406871,private_room,1,1,1,2,40
airbnb59ad97668a46551f54f8d56c232,https://www.airbnb.es/rooms/24101569,2.1809753070093665,41.42912240075286,2018-04-08 02:52:54.282000,2018-05-12 14:03:11.205000,airbnb52959482,private_room,1,2,5,1,58
airbnb59ad97668a46551f54f8d56c233,https://www.airbnb.es/rooms/21294969,2.181240185151674,41.42932065131123,2018-04-08 02:53:00.806000,2018-05-12 14:03:56.328000,airbnb144178235,private_room,0,2,18,1,22
airbnb59ad97668a46551f54f8d56c234,https://www.airbnb.es/rooms/13066419,2.1817323078210897,41.428097231280475,2017-08-15 11:46:17.803000,2018-04-21 06:49:03.674000,airbnb70236248,private_room,0,3,5,1,32
airbnb59ad97668a46551f54f8d56c235,https://www.airbnb.es/rooms/6910441,2.174737357972326,41.425866951681236,2017-08-15 11:44:57.236000,2017-09-10 06:21:37.485000,airbnb11070021,private_room,1,2,74,3,40
airbnb59ad97668a46551f54f8d56c236,https://www.airbnb.es/rooms/25612370,2.174942368877929,41.42674134806593,2018-08-27 20:35:39.602000,2018-09-23 21:04:45.979000,airbnb150526536,private_room,1,2,5,1,
airbnb59ad97668a46551f54f8d56c237,https://www.airbnb.es/rooms/24429247,2.174716892454313,41.42785587801469,2018-05-09 08:17:44.536000,2018-09-23 21:01:58.424000,airbnb53079152,private_room,1,2,19,2,
airbnb59ad97668a46551f54f8d56c238,https://www.airbnb.es/rooms/12673013,2.1773146028567827,41.42921882060604,2017-08-15 11:45:13.464000,2018-09-25 13:34:44.248000,airbnb17469787,private_room,2,2,29,2,
airbnb59ad97668a46551f54f8d56c239,https://www.airbnb.es/rooms/28037993,2.1774181813556917,41.42929299224558,2018-08-28 19:49:07.953000,2018-09-25 14:54:36.772000,airbnb102083579,private_room,1,4,1,4,
airbnb59ad97668a46551f54f8d56c240,https://www.airbnb.es/rooms/27863955,2.1772684652731273,41.42903346905536,2018-08-28 19:49:07.952000,2018-09-25 13:34:27.927000,airbnb102083579,private_room,2,4,2,1,
airbnb59ad97668a46551f54f8d56c241,https://www.airbnb.es/rooms/19948595,2.178389017595644,41.429029432927166,2017-08-15 11:44:49.482000,2018-09-25 13:34:13.093000,airbnb141330549,private_room,1,2,37,2,
airbnb59ad97668a46551f54f8d56c242,https://www.airbnb.es/rooms/25045154,2.178196131480335,41.42920712993136,2018-05-26 14:56:27.422000,2018-06-07 04:26:58.900000,airbnb148266813,private_room,1,2,0,1,24
airbnb59ad97668a46551f54f8d56c243,https://www.airbnb.es/rooms/11953606,2.179351564489855,41.43037587557389,2017-08-15 11:45:34.582000,2018-06-07 04:27:15.684000,airbnb16022141,private_room,1,2,11,2,46
airbnb59ad97668a46551f54f8d56c244,https://www.airbnb.es/rooms/13796267,2.17808821565279,41.42987620825978,2017-08-15 11:45:34.582000,2018-09-25 14:55:33.399000,airbnb75235559,private_room,0,3,1,1,
airbnb59ad97668a46551f54f8d56c245,https://www.airbnb.es/rooms/14497988,2.177799883936055,41.42977024276599,2017-08-15 11:44:53.416000,2018-09-25 13:34:04.629000,airbnb71980610,private_room,2,1,72,3,
airbnb59ad97668a46551f54f8d56c246,https://www.airbnb.es/rooms/14522249,2.177,41.43,2017-08-15 11:45:05.258000,2018-09-25 14:54:08.310000,airbnb71980610,private_room,2,1,40,3,
airbnb59ad97668a46551f54f8d56c247,https://www.airbnb.es/rooms/24578927,2.177184019486551,41.430718332340795,2018-04-24 10:09:47.510000,2018-05-12 14:03:33.078000,airbnb185721199,private_room,1,1,1,1,25
airbnb59ad97668a46551f54f8d56c248,https://www.airbnb.es/rooms/12926744,2.1769828828923248,41.43051543006077,2017-09-05 12:06:29.554000,2018-04-17 01:37:38.532000,airbnb70702436,private_room,0,2,0,1,51
airbnb59ad97668a46551f54f8d56c249,https://www.airbnb.es/rooms/5915717,2.1764815479669566,41.429711056044624,2017-08-15 11:45:38.941000,2018-05-12 14:06:17.369000,airbnb30717768,private_room,0,1,0,1,28
airbnb59ad97668a46551f54f8d56c250,https://www.airbnb.es/rooms/26712619,2.1766544393693468,41.42963497760891,2018-08-28 19:49:07.953000,2018-09-25 14:53:53.571000,airbnb200855798,private_room,1,2,10,2,
airbnb59ad97668a46551f54f8d56c251,https://www.airbnb.es/rooms/27817855,2.17620293403214,41.4293734731886,2018-08-28 19:49:10.011000,2018-09-25 14:54:51.319000,airbnb17469787,private_room,2,1,2,2,
airbnb59ad97668a46551f54f8d56c252,https://www.airbnb.es/rooms/13929826,2.1745541806268904,41.42975502295775,2017-08-15 11:45:01.437000,2018-05-12 14:04:49.204000,airbnb47658553,entire_home,3,4,80,2,68
airbnb59ad97668a46551f54f8d56c253,https://www.airbnb.es/rooms/20671406,2.175565553155265,41.429838454808454,2017-08-29 20:04:49.737000,2017-09-10 06:22:30.385000,airbnb17469787,private_room,1,1,0,2,25
airbnb59ad97668a46551f54f8d56c254,https://www.airbnb.es/rooms/23973027,2.1733867619063685,41.429840901614554,2018-04-12 04:29:26.685000,2018-04-17 14:21:48.082000,airbnb180303431,private_room,1,2,0,1,57
airbnb59ad97668a46551f54f8d56c255,https://www.airbnb.es/rooms/16010324,2.174072528190989,41.429696949596185,2017-08-15 11:45:26.078000,2017-09-10 06:22:37.391000,airbnb104096384,private_room,1,1,1,1,100
airbnb59ad97668a46551f54f8d56c256,https://www.airbnb.es/rooms/26580560,2.174164276368846,41.43009218936871,2018-08-27 20:35:39.602000,2018-09-23 21:03:51.142000,airbnb199866433,private_room,1,1,0,33,
airbnb59ad97668a46551f54f8d56c257,https://www.airbnb.es/rooms/14965707,2.1743061605179133,41.42926590255331,2017-08-15 11:45:34.581000,2018-04-17 14:22:32.644000,airbnb94242660,private_room,0,1,1,2,38
airbnb59ad97668a46551f54f8d56c258,https://www.airbnb.es/rooms/22023894,2.1737069864871743,41.42843633796307,2018-04-12 04:29:34.145000,2018-09-23 21:05:19.967000,airbnb94054158,private_room,0,2,4,2,
airbnb59ad97668a46551f54f8d56c259,https://www.airbnb.es/rooms/12777273,2.173213111076645,41.42936574701401,2017-08-15 11:45:05.258000,2018-09-23 21:40:42.205000,airbnb31150204,private_room,1,1,23,5,
airbnb59ad97668a46551f54f8d56c260,https://www.airbnb.es/rooms/20942081,2.1722701145739243,41.4292945600187,2018-04-12 04:29:26.685000,2018-06-07 04:17:38.613000,airbnb150574145,entire_home,4,7,0,3,242
airbnb59ad97668a46551f54f8d56c261,https://www.airbnb.es/rooms/3801715,2.1720847961226917,41.430608412804936,2017-08-29 20:05:10.669000,2018-04-17 01:37:47.799000,airbnb19468585,private_room,0,4,0,1,74
airbnb59ad97668a46551f54f8d56c262,https://www.airbnb.es/rooms/20439062,2.171033804363773,41.42971077346071,2017-08-15 08:04:43.608000,2018-09-23 21:14:36.805000,airbnb145859925,private_room,2,2,47,1,
airbnb59ad97668a46551f54f8d56c263,https://www.airbnb.es/rooms/21785284,2.170091761357516,41.43004835477339,2018-04-08 03:09:34.293000,2018-04-17 01:32:42.703000,airbnb47658553,entire_home,2,4,2,2,64
airbnb59ad97668a46551f54f8d56c264,https://www.airbnb.es/rooms/19538671,2.1707886014316733,41.42904129922635,2017-08-15 11:45:21.817000,2017-09-10 06:22:52.917000,airbnb137241990,entire_home,4,6,3,2,200
airbnb59ad97668a46551f54f8d56c265,https://www.airbnb.es/rooms/27850762,2.170365158001935,41.429562784236744,2018-08-27 20:35:39.602000,2018-09-23 21:04:01.391000,airbnb204241020,private_room,2,2,3,1,
airbnb59ad97668a46551f54f8d56c266,https://www.airbnb.es/rooms/12805179,2.1705691994959806,41.42859724148183,2017-08-15 11:44:49.481000,2018-05-12 14:02:02.304000,airbnb69785563,private_room,0,2,48,1,31
airbnb59ad97668a46551f54f8d56c267,https://www.airbnb.es/rooms/3846956,2.1710226557332257,41.42850188524073,2017-08-15 11:44:49.481000,2018-09-23 21:37:56.185000,airbnb19433869,private_room,1,2,33,3,
airbnb59ad97668a46551f54f8d56c268,https://www.airbnb.es/rooms/19480706,2.1719123447928403,41.42799309784141,2017-08-15 11:44:57.235000,2017-09-10 06:23:20.271000,airbnb31150204,private_room,1,2,6,3,31
airbnb59ad97668a46551f54f8d56c269,https://www.airbnb.es/rooms/19787197,2.171515486547268,41.42721765408511,2017-08-15 11:45:05.258000,2018-06-07 04:16:23.486000,airbnb30126322,private_room,1,2,61,1,18
airbnb59ad97668a46551f54f8d56c270,https://www.airbnb.es/rooms/16168470,2.171258441821649,41.42799156579329,2017-08-15 11:45:30.228000,2018-06-07 04:18:29.015000,airbnb105542852,private_room,1,1,3,3,25
airbnb59ad97668a46551f54f8d56c271,https://www.airbnb.es/rooms/13900134,2.170538350955697,41.42818990140477,2017-08-15 11:44:49.481000,2018-06-07 04:15:11.819000,airbnb30126322,private_room,1,2,88,1,35
airbnb59ad97668a46551f54f8d56c272,https://www.airbnb.es/rooms/3822714,2.1706088171292257,41.42806927975614,2017-08-15 11:44:57.236000,2018-09-23 21:40:08.847000,airbnb19433869,private_room,0,2,35,3,
airbnb59ad97668a46551f54f8d56c273,https://www.airbnb.es/rooms/15763915,2.1700416248934893,41.42819434055972,2017-08-15 11:44:49.482000,2017-09-10 06:23:58.549000,airbnb29503372,private_room,1,3,17,1,60
airbnb59ad97668a46551f54f8d56c274,https://www.airbnb.es/rooms/24630455,2.169886689030911,41.428057872321915,2018-05-09 08:17:42.267000,2018-05-11 14:48:46.330000,airbnb24928327,private_room,2,1,2,1,31
airbnb59ad97668a46551f54f8d56c275,https://www.airbnb.es/rooms/19717341,2.1703635073063743,41.427678807239374,2017-08-15 11:44:49.481000,2018-04-17 14:22:39.518000,airbnb36320422,private_room,1,1,13,2,37
airbnb59ad97668a46551f54f8d56c276,https://www.airbnb.es/rooms/20454163,2.170689079676269,41.427353763739966,2018-04-12 04:29:21.666000,2018-04-17 14:21:32.405000,airbnb146000772,entire_home,0,6,0,1,38
airbnb59ad97668a46551f54f8d56c277,https://www.airbnb.es/rooms/21158,2.172357127544318,41.42749503771392,2017-08-15 11:44:49.482000,2017-09-10 06:24:28.976000,airbnb80585,private_room,1,1,23,1,20
airbnb59ad97668a46551f54f8d56c278,https://www.airbnb.es/rooms/6311114,2.1733827229205045,41.427177066845104,2017-08-29 20:04:22.335000,2017-09-10 06:24:32.290000,airbnb80585,private_room,1,2,0,2,39
airbnb59ad97668a46551f54f8d56c279,https://www.airbnb.es/rooms/5627566,2.1736066167511616,41.4272100690573,2017-08-15 11:45:13.465000,2017-09-10 06:24:35.653000,airbnb80585,private_room,1,2,4,2,30
airbnb59ad97668a46551f54f8d56c280,https://www.airbnb.es/rooms/12915655,2.1734250996438957,41.42745941203542,2017-08-15 11:44:57.236000,2018-09-23 21:03:01.352000,airbnb68284319,private_room,0,2,48,2,
airbnb59ad97668a46551f54f8d56c281,https://www.airbnb.es/rooms/12864773,2.1733273438141008,41.427508398993155,2017-08-15 11:45:17.725000,2018-09-23 21:37:27.721000,airbnb68284319,private_room,0,2,42,3,
airbnb59ad97668a46551f54f8d56c282,https://www.airbnb.es/rooms/19619764,2.1744419432996938,41.42744513052178,2017-08-15 11:44:57.236000,2018-06-12 23:03:41.816000,airbnb12355228,private_room,1,1,8,2,30
airbnb59ad97668a46551f54f8d56c283,https://www.airbnb.es/rooms/19963245,2.1739599365052515,41.42753986967967,2017-08-15 11:45:09.277000,2017-09-10 06:24:50.904000,airbnb71140834,entire_home,2,4,1,2,150
airbnb59ad97668a46551f54f8d56c284,https://www.airbnb.es/rooms/2417513,2.174330175223563,41.42709296389958,2017-08-15 11:45:09.277000,2018-09-23 21:03:33.429000,airbnb12355228,private_room,0,2,24,1,
airbnb59ad97668a46551f54f8d56c285,https://www.airbnb.es/rooms/22417397,2.174059644907145,41.42691596104366,2018-04-08 03:09:34.293000,2018-09-23 21:02:34.431000,airbnb7808064,private_room,1,1,7,3,
airbnb59ad97668a46551f54f8d56c286,https://www.airbnb.es/rooms/378998,2.1742331404397732,41.42617589306357,2018-04-08 03:09:52.813000,2018-04-17 01:37:54.581000,airbnb1903257,private_room,2,3,0,1,25
airbnb59ad97668a46551f54f8d56c287,https://www.airbnb.es/rooms/2793546,2.166,41.428,2017-08-15 11:45:21.817000,2018-09-23 21:05:41.650000,airbnb7414663,entire_home,4,7,13,2,
airbnb59ad97668a46551f54f8d56c288,https://www.airbnb.es/rooms/18711056,2.1690792190484403,41.428184435882564,2017-08-15 11:44:53.415000,2018-04-17 14:21:01.911000,airbnb92408306,entire_home,2,4,14,2,160
airbnb59ad97668a46551f54f8d56c289,https://www.airbnb.es/rooms/13993507,2.167761041616577,41.42814667579961,2018-05-26 14:55:59.204000,2018-06-07 04:18:51.475000,airbnb39740541,entire_home,3,5,2,3,97
airbnb59ad97668a46551f54f8d56c290,https://www.airbnb.es/rooms/18468447,2.1676862515140813,41.4290542268045,2017-08-15 11:44:49.481000,2018-09-23 21:02:44.098000,airbnb127950275,private_room,1,2,38,2,
airbnb59ad97668a46551f54f8d56c291,https://www.airbnb.es/rooms/21229458,2.1680078748924347,41.42957460824199,2018-04-08 03:09:27.575000,2018-04-17 01:29:42.456000,airbnb150679200,private_room,1,1,1,2,32
airbnb59ad97668a46551f54f8d56c292,https://www.airbnb.es/rooms/26058907,2.1679519456621525,41.429491493821246,2018-08-27 20:35:39.602000,2018-09-23 21:40:53.927000,airbnb137718334,private_room,2,2,16,1,
airbnb59ad97668a46551f54f8d56c293,https://www.airbnb.es/rooms/27015647,2.1680595738414623,41.42934968000978,2018-08-27 20:35:39.602000,2018-09-23 21:04:30.832000,airbnb203254157,private_room,0,2,1,5,
airbnb59ad97668a46551f54f8d56c294,https://www.airbnb.es/rooms/24826399,2.168320834440864,41.42937880985726,2018-05-26 14:55:53.814000,2018-09-23 21:04:56.635000,airbnb127950275,private_room,1,2,6,2,
airbnb59ad97668a46551f54f8d56c295,https://www.airbnb.es/rooms/600162,2.169181840574097,41.42845597457006,2017-08-15 11:44:53.415000,2018-09-23 21:37:35.512000,airbnb2968616,entire_home,1,2,186,4,
airbnb59ad97668a46551f54f8d56c296,https://www.airbnb.es/rooms/27020257,2.16937331434223,41.42866825201984,2018-08-27 20:35:33.036000,2018-09-23 21:02:09.316000,airbnb203254157,entire_home,1,1,0,31,
airbnb59ad97668a46551f54f8d56c297,https://www.airbnb.es/rooms/21171771,2.169149194598814,41.42873357744321,2018-04-08 03:09:52.812000,2018-06-07 04:18:37.123000,airbnb3071622,entire_home,0,2,0,1,97
airbnb59ad97668a46551f54f8d56c298,https://www.airbnb.es/rooms/11390457,2.1693622922803164,41.42908785546825,2017-08-15 11:44:53.414000,2018-09-23 21:37:20.907000,airbnb59751936,private_room,0,2,112,2,
airbnb59ad97668a46551f54f8d56c299,https://www.airbnb.es/rooms/20041414,2.168377423397743,41.42926879575777,2017-08-15 11:45:01.437000,2018-05-12 14:02:06.996000,airbnb30126322,private_room,1,1,40,1,15
airbnb59ad97668a46551f54f8d56c300,https://www.airbnb.es/rooms/18326585,2.168055732615133,41.430532611702944,2017-08-15 11:44:49.482000,2017-10-10 05:57:26.260000,airbnb126790034,private_room,1,2,11,2,39
airbnb59ad97668a46551f54f8d56c301,https://www.airbnb.es/rooms/26051573,2.1675340757519805,41.430793190088565,2018-08-27 20:35:39.602000,2018-09-23 21:05:05.643000,airbnb195781400,entire_home,2,4,0,32,
airbnb59ad97668a46551f54f8d56c302,https://www.airbnb.es/rooms/18004046,2.166511333812295,41.43013907923793,2017-08-15 11:44:53.415000,2018-06-12 23:03:38.329000,airbnb19399047,private_room,1,2,17,2,40
airbnb59ad97668a46551f54f8d56c303,https://www.airbnb.es/rooms/20515251,2.1665701429378554,41.4292266647356,2017-08-29 20:04:37.802000,2017-09-10 06:29:50.622000,airbnb146464644,private_room,2,4,0,1,35
airbnb59ad97668a46551f54f8d56c304,https://www.airbnb.es/rooms/16889714,2.16619587266466,41.42861152740767,2017-08-15 11:45:26.079000,2017-09-10 06:29:53.947000,airbnb112439834,entire_home,2,2,3,1,90
airbnb59ad97668a46551f54f8d56c305,https://www.airbnb.es/rooms/20436598,2.166124452524587,41.428445823653426,2017-08-15 11:44:57.235000,2018-04-17 01:30:04.352000,airbnb22891794,private_room,1,2,4,1,51
airbnb59ad97668a46551f54f8d56c306,https://www.airbnb.es/rooms/3787050,2.166082665872309,41.42922855078452,2017-08-15 11:45:05.258000,2018-09-23 21:03:15.778000,airbnb19433869,private_room,0,2,50,3,
airbnb59ad97668a46551f54f8d56c307,https://www.airbnb.es/rooms/17985736,2.1662141373546935,41.42959592396205,2017-08-15 11:44:57.235000,2018-06-07 04:16:19.437000,airbnb56513263,private_room,0,1,17,1,21
airbnb59ad97668a46551f54f8d56c308,https://www.airbnb.es/rooms/18949267,2.165486994745946,41.43076117266745,2017-08-15 11:44:53.415000,2018-06-07 04:17:27.994000,airbnb107495543,private_room,1,2,12,2,33
airbnb59ad97668a46551f54f8d56c309,https://www.airbnb.es/rooms/12983983,2.16511404745015,41.43143772588069,2017-08-15 11:45:34.582000,2018-06-07 04:18:43.512000,airbnb17180724,private_room,0,2,4,1,48
airbnb59ad97668a46551f54f8d56c310,https://www.airbnb.es/rooms/22354970,2.16507975721124,41.43162220690482,2018-04-08 03:45:11.772000,2018-04-18 02:51:57.192000,airbnb163463584,private_room,1,1,0,3,17
airbnb59ad97668a46551f54f8d56c311,https://www.airbnb.es/rooms/21543487,2.165616446576315,41.43129538094038,2018-04-08 03:45:11.771000,2018-05-12 10:50:51.210000,airbnb33721979,private_room,2,2,5,1,29
airbnb59ad97668a46551f54f8d56c312,https://www.airbnb.es/rooms/14729848,2.1669417397204267,41.43155567133138,2017-08-15 11:44:53.416000,2018-06-07 04:17:59.861000,airbnb91715684,private_room,0,2,23,1,67
airbnb59ad97668a46551f54f8d56c313,https://www.airbnb.es/rooms/19695274,2.1667806898104978,41.43263276441215,2017-08-15 11:45:21.818000,2018-04-18 02:51:47.999000,airbnb138744221,private_room,1,1,0,2,38
airbnb59ad97668a46551f54f8d56c314,https://www.airbnb.es/rooms/20878673,2.166578299412746,41.43280275479468,2018-04-08 03:45:11.771000,2018-09-23 21:39:20.984000,airbnb149925134,private_room,1,2,50,1,
airbnb59ad97668a46551f54f8d56c315,https://www.airbnb.es/rooms/17664135,2.165609604038705,41.43264582924824,2017-08-15 11:44:53.415000,2018-09-23 21:04:19.764000,airbnb120226192,private_room,2,2,14,1,
airbnb59ad97668a46551f54f8d56c316,https://www.airbnb.es/rooms/18150926,2.1674645570838353,41.43395578415835,2017-08-15 11:45:01.437000,2018-06-07 04:21:27.498000,airbnb15912226,private_room,1,2,8,22,25
airbnb59ad97668a46551f54f8d56c317,https://www.airbnb.es/rooms/20053659,2.1676373553188366,41.43562771383152,2017-08-15 11:45:30.229000,2017-09-10 06:30:42.583000,airbnb15081153,entire_home,3,6,2,2,30
airbnb59ad97668a46551f54f8d56c318,https://www.airbnb.es/rooms/1522719,2.169303985451569,41.435331583675335,2017-08-15 11:45:26.079000,2018-09-23 21:55:45.819000,airbnb7866511,private_room,0,2,29,2,
airbnb59ad97668a46551f54f8d56c319,https://www.airbnb.es/rooms/23797245,2.1685906557719563,41.433975289793196,2018-05-07 04:19:55.784000,2018-09-23 20:38:38.285000,airbnb129717388,private_room,0,2,1,1,
airbnb59ad97668a46551f54f8d56c320,https://www.airbnb.es/rooms/23712181,2.169029619803273,41.43272577578523,2018-05-12 01:55:30.481000,2018-05-12 06:25:50.025000,airbnb44759288,entire_home,2,3,1,2,98
airbnb59ad97668a46551f54f8d56c321,https://www.airbnb.es/rooms/19708437,2.168921147948586,41.43299951041358,2017-08-15 11:45:01.436000,2018-09-23 20:37:48.625000,airbnb104812043,private_room,0,2,3,4,
airbnb59ad97668a46551f54f8d56c322,https://www.airbnb.es/rooms/2761750,2.167768526773794,41.433262561446305,2017-08-15 11:45:26.078000,2018-04-18 02:51:51.404000,airbnb7866511,private_room,0,2,8,1,70
airbnb59ad97668a46551f54f8d56c323,https://www.airbnb.es/rooms/2937371,2.1675916025894044,41.432175154148176,2018-05-12 01:55:25.873000,2018-06-07 04:18:25.282000,airbnb6678619,private_room,0,1,0,1,48
airbnb59ad97668a46551f54f8d56c324,https://www.airbnb.es/rooms/23525175,2.1681993750968798,41.43253397601552,2018-04-08 03:09:59.041000,2018-04-11 18:39:21.106000,airbnb157703785,private_room,1,2,2,2,25
airbnb59ad97668a46551f54f8d56c325,https://www.airbnb.es/rooms/21475610,2.168356080779329,41.43207758858584,2018-04-12 04:29:11.975000,2018-04-17 14:20:48.757000,airbnb106664674,private_room,1,2,0,1,38
airbnb59ad97668a46551f54f8d56c326,https://www.airbnb.es/rooms/1400554,2.168261654278588,41.431925357625836,2018-04-08 03:10:07.894000,2018-06-07 04:18:32.474000,airbnb6678619,private_room,0,1,1,1,36
airbnb59ad97668a46551f54f8d56c327,https://www.airbnb.es/rooms/15549842,2.1683195060805387,41.43179134769166,2017-08-15 11:45:05.258000,2018-04-17 01:40:36.205000,airbnb47658553,entire_home,2,4,20,1,66
airbnb59ad97668a46551f54f8d56c328,https://www.airbnb.es/rooms/16298584,2.1681698899172686,41.431836165919385,2017-08-15 11:45:01.436000,2018-04-18 02:51:45.179000,airbnb43277739,private_room,1,2,26,1,47
airbnb59ad97668a46551f54f8d56c329,https://www.airbnb.es/rooms/18048634,2.167295799262733,41.431695942788785,2017-08-15 11:45:34.583000,2018-06-07 04:18:47.782000,airbnb117781723,private_room,1,1,1,3,30
airbnb59ad97668a46551f54f8d56c330,https://www.airbnb.es/rooms/19798862,2.1671748785029097,41.43132154631084,2018-04-08 03:45:11.771000,2018-04-29 17:27:10.792000,airbnb139833844,private_room,2,3,7,1,17
airbnb59ad97668a46551f54f8d56c331,https://www.airbnb.es/rooms/23124077,2.167721483860777,41.43115039675759,2018-05-02 14:51:03.472000,2018-06-07 04:16:39.441000,airbnb107495543,private_room,1,1,8,2,30
airbnb59ad97668a46551f54f8d56c332,https://www.airbnb.es/rooms/18398701,2.1686877658215873,41.43211820275982,2017-08-15 11:45:30.228000,2017-10-10 06:00:00.387000,airbnb126790034,private_room,1,2,0,7,42
airbnb59ad97668a46551f54f8d56c333,https://www.airbnb.es/rooms/18399253,2.1687677937822536,41.43168107648794,2017-08-15 11:45:05.257000,2017-10-10 05:58:20.968000,airbnb126790034,private_room,1,2,9,2,35
airbnb59ad97668a46551f54f8d56c334,https://www.airbnb.es/rooms/16115609,2.1688752032754506,41.431548386659536,2018-04-12 04:29:34.146000,2018-06-07 04:18:12.906000,airbnb105087153,private_room,0,1,0,1,54
airbnb59ad97668a46551f54f8d56c335,https://www.airbnb.es/rooms/27356516,2.169542809432761,41.43161520008446,2018-08-27 20:35:39.603000,2018-09-23 21:05:37.381000,airbnb85041718,private_room,1,2,3,1,
airbnb59ad97668a46551f54f8d56c336,https://www.airbnb.es/rooms/20407090,2.1696619414205847,41.43100769601094,2017-08-15 11:45:21.817000,2017-09-10 06:31:25.125000,airbnb145528237,private_room,1,2,0,3,42
airbnb59ad97668a46551f54f8d56c337,https://www.airbnb.es/rooms/24638643,2.1698514857033206,41.43174365958945,2018-05-12 01:55:30.482000,2018-06-07 04:19:00.175000,airbnb8079717,private_room,1,2,2,1,36
airbnb59ad97668a46551f54f8d56c338,https://www.airbnb.es/rooms/18429381,2.1696624580862145,41.43175372893138,2017-08-15 11:44:49.482000,2018-09-23 21:38:06.662000,airbnb127582673,private_room,1,2,76,2,
airbnb59ad97668a46551f54f8d56c339,https://www.airbnb.es/rooms/24770130,2.169923369174556,41.43286792275936,2018-05-02 14:50:59.961000,2018-05-02 13:54:15.710000,airbnb187279819,private_room,2,2,0,1,35
airbnb59ad97668a46551f54f8d56c340,https://www.airbnb.es/rooms/20162474,2.171410616175127,41.43262222163999,2017-08-15 11:45:01.436000,2017-09-10 06:31:31.869000,airbnb55530808,private_room,1,2,0,5,44
airbnb59ad97668a46551f54f8d56c341,https://www.airbnb.es/rooms/21616053,2.1718035648741854,41.4332313811638,2018-04-08 03:10:07.894000,2018-05-12 10:56:07.157000,airbnb132502248,private_room,1,2,1,1,18
airbnb59ad97668a46551f54f8d56c342,https://www.airbnb.es/rooms/15780938,2.1715840401138915,41.43221665508662,2017-08-15 11:45:01.437000,2018-06-07 04:18:21.273000,airbnb102070064,private_room,0,2,4,1,40
airbnb59ad97668a46551f54f8d56c343,https://www.airbnb.es/rooms/25320296,2.171506764422126,41.43154677259197,2018-05-26 14:55:59.203000,2018-06-07 04:18:17.586000,airbnb96048706,private_room,3,2,2,2,30
airbnb59ad97668a46551f54f8d56c344,https://www.airbnb.es/rooms/24529691,2.1731559488766528,41.43196378895383,2018-04-24 09:48:53.602000,2018-06-07 04:17:23.821000,airbnb19620636,private_room,0,3,1,1,71
airbnb59ad97668a46551f54f8d56c345,https://www.airbnb.es/rooms/8271873,2.173104980690303,41.43090221260486,2017-08-15 11:44:53.415000,2018-09-23 21:37:08.022000,airbnb43614678,private_room,1,2,189,2,
airbnb59ad97668a46551f54f8d56c346,https://www.airbnb.es/rooms/14114534,2.17389272261912,41.430947631671735,2017-08-15 11:45:26.078000,2018-05-12 14:06:20.342000,airbnb4058685,private_room,0,1,3,4,37
airbnb59ad97668a46551f54f8d56c347,https://www.airbnb.es/rooms/14258824,2.174,41.432,2017-08-15 11:45:09.276000,2018-09-23 21:55:32.438000,airbnb82407356,private_room,0,1,57,1,
airbnb59ad97668a46551f54f8d56c348,https://www.airbnb.es/rooms/13982721,2.174430221221072,41.43256244419225,2017-08-15 11:45:38.940000,2018-04-17 01:43:09.348000,airbnb83439249,private_room,0,2,0,4,29
airbnb59ad97668a46551f54f8d56c349,https://www.airbnb.es/rooms/23162172,2.174101024871825,41.432658471291795,2018-04-08 03:09:59.041000,2018-05-12 10:50:20.266000,airbnb172175908,entire_home,2,4,12,2,31
airbnb59ad97668a46551f54f8d56c350,https://www.airbnb.es/rooms/18340602,2.1743705496316057,41.43288186976405,2018-04-08 03:09:59.040000,2018-05-12 10:54:34.403000,airbnb126905473,private_room,2,1,17,3,31
airbnb59ad97668a46551f54f8d56c351,https://www.airbnb.es/rooms/626708,2.173127907596283,41.43217096490699,2017-09-05 12:06:07.938000,2017-09-10 06:31:55.435000,airbnb3109259,private_room,1,2,34,1,42
airbnb59ad97668a46551f54f8d56c352,https://www.airbnb.es/rooms/688295,2.1723062608165904,41.433200384096224,2018-04-08 03:10:07.893000,2018-09-23 20:36:56.630000,airbnb3109259,private_room,1,2,11,1,
airbnb59ad97668a46551f54f8d56c353,https://www.airbnb.es/rooms/27162149,2.174461446573421,41.433569951661674,2018-08-27 20:36:11.015000,2018-09-23 20:37:25.675000,airbnb204508622,private_room,1,2,0,1,
airbnb59ad97668a46551f54f8d56c354,https://www.airbnb.es/rooms/22694181,2.174141788142548,41.434382189302966,2018-08-27 20:36:11.015000,2018-09-23 22:00:24.853000,airbnb16694653,entire_home,2,3,0,31,
airbnb59ad97668a46551f54f8d56c355,https://www.airbnb.es/rooms/20018346,2.1737604705461524,41.4341167112611,2017-08-15 11:45:26.079000,2018-09-23 20:38:04.816000,airbnb1329256,private_room,1,1,0,2,
airbnb59ad97668a46551f54f8d56c356,https://www.airbnb.es/rooms/20546515,2.174,41.435,2018-04-12 04:29:30.374000,2018-09-23 22:00:01.239000,airbnb1749907,entire_home,3,2,3,3,
airbnb59ad97668a46551f54f8d56c357,https://www.airbnb.es/rooms/7914991,2.174403355765104,41.435352996902196,2018-05-07 04:20:02.378000,2018-05-10 05:05:27.870000,airbnb27151822,private_room,1,1,3,7,31
airbnb59ad97668a46551f54f8d56c358,https://www.airbnb.es/rooms/19955296,2.1719526951958157,41.43405191311787,2018-04-24 09:48:44.925000,2018-06-07 04:22:35.390000,airbnb19620636,entire_home,2,5,2,5,94
airbnb59ad97668a46551f54f8d56c359,https://www.airbnb.es/rooms/11877763,2.1719377884821967,41.43402972993084,2017-08-15 11:45:17.726000,2017-09-10 06:32:09.950000,airbnb55530808,private_room,1,2,1,5,29
airbnb59ad97668a46551f54f8d56c360,https://www.airbnb.es/rooms/11877794,2.17142955719954,41.433812770295305,2017-08-15 11:45:30.229000,2017-09-10 06:32:13.120000,airbnb55530808,private_room,1,2,0,3,237
airbnb59ad97668a46551f54f8d56c361,https://www.airbnb.es/rooms/26140925,2.1712301601055866,41.43394448105827,2018-08-27 20:36:11.014000,2018-09-23 20:36:22.484000,airbnb196507547,entire_home,3,4,1,31,
airbnb59ad97668a46551f54f8d56c362,https://www.airbnb.es/rooms/12321175,2.1712662407821695,41.433528585541346,2017-08-15 11:45:34.581000,2017-09-10 06:32:16.663000,airbnb55530808,private_room,1,2,3,4,120
airbnb59ad97668a46551f54f8d56c363,https://www.airbnb.es/rooms/7899727,2.170457749971717,41.43367652053729,2017-08-15 11:45:09.277000,2018-05-12 10:52:00.539000,airbnb40992188,entire_home,0,5,99,2,98
airbnb59ad97668a46551f54f8d56c364,https://www.airbnb.es/rooms/4014183,2.1702518185810713,41.43388595700202,2018-04-08 03:09:59.042000,2018-09-23 22:01:54.311000,airbnb1098565,private_room,2,2,9,1,
airbnb59ad97668a46551f54f8d56c365,https://www.airbnb.es/rooms/19876049,2.16981137284103,41.434988746382096,2018-08-27 20:36:08.790000,2018-09-23 21:54:26.243000,airbnb98894057,private_room,1,1,9,1,
airbnb59ad97668a46551f54f8d56c366,https://www.airbnb.es/rooms/25546671,2.171098953357432,41.43773600751625,2018-08-27 20:36:08.790000,2018-09-23 21:55:15.862000,airbnb145859925,private_room,2,2,6,2,
airbnb59ad97668a46551f54f8d56c367,https://www.airbnb.es/rooms/19380294,2.171960136593594,41.43688006258948,2017-08-15 08:04:55.968000,2018-09-23 21:10:54.076000,airbnb21438726,private_room,0,2,40,2,
airbnb59ad97668a46551f54f8d56c368,https://www.airbnb.es/rooms/2761939,2.1713334037440633,41.43658184266796,2017-08-15 08:04:55.969000,2018-09-23 21:53:37.381000,airbnb7866511,private_room,0,1,34,2,
airbnb59ad97668a46551f54f8d56c369,https://www.airbnb.es/rooms/20664536,2.172484656168532,41.43642507208581,2017-08-27 16:47:01.367000,2017-09-10 06:32:55.679000,airbnb94957126,private_room,1,1,0,4,12
airbnb59ad97668a46551f54f8d56c370,https://www.airbnb.es/rooms/20276192,2.173374349831055,41.43615768375853,2017-08-15 08:05:13.571000,2018-09-23 22:01:22.689000,airbnb144577567,private_room,1,3,1,1,
airbnb59ad97668a46551f54f8d56c371,https://www.airbnb.es/rooms/23823897,2.1735417273169415,41.43721138664989,2018-04-08 03:09:59.041000,2018-06-07 04:22:56.828000,airbnb137425997,private_room,1,1,1,1,15
airbnb59ad97668a46551f54f8d56c372,https://www.airbnb.es/rooms/20456831,2.1736019229742114,41.43720787567317,2017-08-15 08:04:55.969000,2018-09-23 22:01:39.078000,airbnb144577567,private_room,0,4,0,1,
airbnb59ad97668a46551f54f8d56c373,https://www.airbnb.es/rooms/19558005,2.1744276252247823,41.437065463313786,2017-08-15 08:04:51.658000,2017-09-10 06:33:07.339000,airbnb137425997,private_room,1,2,2,3,20
airbnb59ad97668a46551f54f8d56c374,https://www.airbnb.es/rooms/8481000,2.174359376550968,41.43725241806065,2017-08-15 08:05:00.777000,2017-09-10 06:33:11.370000,airbnb44664884,private_room,1,2,63,3,22
airbnb59ad97668a46551f54f8d56c375,https://www.airbnb.es/rooms/10962526,2.1741806716039513,41.43766412759759,2017-08-15 08:04:43.609000,2017-09-10 06:33:15.165000,airbnb44664884,private_room,1,2,35,3,19
airbnb59ad97668a46551f54f8d56c376,https://www.airbnb.es/rooms/20276718,2.173902461621608,41.43759885714075,2017-08-15 08:05:05.279000,2018-09-23 22:01:09.987000,airbnb144577567,private_room,0,2,0,1,
airbnb59ad97668a46551f54f8d56c377,https://www.airbnb.es/rooms/20464308,2.174032494660361,41.43916118950179,2017-08-27 16:47:12.807000,2017-09-10 06:33:21.358000,airbnb94145237,private_room,2,4,1,1,25
airbnb59ad97668a46551f54f8d56c378,https://www.airbnb.es/rooms/26420293,2.17173989997866,41.4407057073022,2018-08-27 20:36:11.014000,2018-09-23 21:57:51.610000,airbnb198658865,private_room,0,1,5,3,
airbnb59ad97668a46551f54f8d56c379,https://www.airbnb.es/rooms/24145673,2.1714651988698157,41.44078090072192,2018-04-08 02:54:04.443000,2018-04-21 07:11:37.456000,airbnb180489526,private_room,1,1,0,1,64
airbnb59ad97668a46551f54f8d56c380,https://www.airbnb.es/rooms/8099448,2.170946755296593,41.43964816776802,2018-04-08 03:10:07.894000,2018-09-23 20:38:16.336000,airbnb42769640,private_room,0,2,6,1,
airbnb59ad97668a46551f54f8d56c381,https://www.airbnb.es/rooms/26062278,2.1709588751983175,41.43940295148986,2018-08-27 20:36:08.790000,2018-09-23 21:56:58.364000,airbnb145859925,private_room,2,2,3,1,
airbnb59ad97668a46551f54f8d56c382,https://www.airbnb.es/rooms/20098545,2.169803255508487,41.43965846385845,2017-09-05 12:06:07.938000,2017-09-10 06:33:24.426000,airbnb142628836,private_room,0,1,0,3,40
airbnb59ad97668a46551f54f8d56c383,https://www.airbnb.es/rooms/25511992,2.1676288519480407,41.440328138409804,2018-08-27 20:36:08.790000,2018-09-23 21:10:37.814000,airbnb40432349,private_room,0,1,17,1,
airbnb59ad97668a46551f54f8d56c384,https://www.airbnb.es/rooms/20725254,2.167630047195732,41.43896009553927,2017-09-05 11:52:08.383000,2018-09-23 21:55:00.098000,airbnb51730097,private_room,2,4,10,1,
airbnb59ad97668a46551f54f8d56c385,https://www.airbnb.es/rooms/18074835,2.168366338569748,41.43872541098547,2017-08-15 08:04:51.657000,2018-09-23 20:36:38.971000,airbnb120226192,private_room,0,2,9,1,
airbnb59ad97668a46551f54f8d56c386,https://www.airbnb.es/rooms/21176122,2.1676710702284923,41.4376757969569,2018-04-12 04:29:00.085000,2018-05-12 10:50:10.870000,airbnb91715684,entire_home,3,4,4,2,85
airbnb59ad97668a46551f54f8d56c387,https://www.airbnb.es/rooms/6549890,2.16632777593552,41.438487982442915,2017-08-15 08:04:47.568000,2018-09-23 21:41:46.760000,airbnb34258024,entire_home,1,4,98,3,
airbnb59ad97668a46551f54f8d56c388,https://www.airbnb.es/rooms/11673745,2.1670744086213096,41.43843682736499,2017-08-15 08:05:23.449000,2018-04-17 14:21:29.797000,airbnb61986453,private_room,0,2,0,1,25
airbnb59ad97668a46551f54f8d56c389,https://www.airbnb.es/rooms/21182106,2.166928316892885,41.439401994690854,2018-04-12 04:29:11.974000,2018-06-07 04:22:31.200000,airbnb91715684,entire_home,3,4,13,2,121
airbnb59ad97668a46551f54f8d56c390,https://www.airbnb.es/rooms/26863333,2.164250099114404,41.4380804317208,2018-08-27 20:36:01.502000,2018-09-23 21:06:56.628000,airbnb122722049,private_room,1,3,10,1,
airbnb59ad97668a46551f54f8d56c391,https://www.airbnb.es/rooms/19214913,2.164660128083314,41.4287547403181,2017-08-15 11:44:53.414000,2017-10-10 05:57:32.480000,airbnb134403634,private_room,1,2,20,2,36
airbnb59ad97668a46551f54f8d56c392,https://www.airbnb.es/rooms/19935576,2.1638536065970224,41.44163420530084,2017-08-15 08:05:19.241000,2018-06-07 04:23:41.463000,airbnb136334755,private_room,0,1,14,1,27
airbnb59ad97668a46551f54f8d56c393,https://www.airbnb.es/rooms/18475072,2.16459537458657,41.44367974824836,2017-08-15 08:04:51.657000,2018-06-07 04:23:32.413000,airbnb128145341,private_room,0,2,25,5,42
airbnb59ad97668a46551f54f8d56c394,https://www.airbnb.es/rooms/24050792,2.173316976066072,41.46103988188486,2018-04-08 02:54:27.069000,2018-09-17 01:05:31.402000,airbnb181050387,private_room,2,1,2,3,
airbnb59ad97668a46551f54f8d56c395,https://www.airbnb.es/rooms/24426184,2.17513977450303,41.46173191267867,2018-04-24 09:48:16.059000,2018-09-17 01:40:11.828000,airbnb116871348,private_room,0,2,6,1,
airbnb59ad97668a46551f54f8d56c396,https://www.airbnb.es/rooms/15130433,2.1760924310729926,41.46105063845373,2017-08-15 08:04:55.969000,2018-09-17 01:41:00.569000,airbnb90622922,private_room,2,1,52,1,
airbnb59ad97668a46551f54f8d56c397,https://www.airbnb.es/rooms/12462965,2.176873845417515,41.46141661300234,2017-08-15 08:05:27.831000,2017-09-10 06:45:14.408000,airbnb67442604,private_room,1,2,3,2,100
airbnb59ad97668a46551f54f8d56c398,https://www.airbnb.es/rooms/12465019,2.1760844354895896,41.461591187552195,2017-08-15 08:05:23.449000,2017-09-10 06:45:18.285000,airbnb67442604,private_room,1,1,0,1,29
airbnb59ad97668a46551f54f8d56c399,https://www.airbnb.es/rooms/26699614,2.1758759422757037,41.46155613953141,2018-08-26 11:40:18.092000,2018-09-17 01:03:21.747000,airbnb200746557,private_room,0,1,2,3,
airbnb59ad97668a46551f54f8d56c400,https://www.airbnb.es/rooms/9423764,2.17613362594035,41.46220077114398,2017-08-15 08:05:00.777000,2017-09-10 06:45:22.378000,airbnb17523036,private_room,1,1,38,3,14
airbnb59ad97668a46551f54f8d56c401,https://www.airbnb.es/rooms/24487470,2.1755572971217982,41.46299527642122,2018-04-24 09:48:16.059000,2018-09-17 01:40:01.971000,airbnb116871348,private_room,0,2,11,1,
airbnb59ad97668a46551f54f8d56c402,https://www.airbnb.es/rooms/10787562,2.1781141803372415,41.46333278729856,2017-08-15 08:05:05.280000,2018-09-17 01:06:11.271000,airbnb17523036,private_room,1,1,33,5,
airbnb59ad97668a46551f54f8d56c403,https://www.airbnb.es/rooms/3346354,2.1790920894684644,41.46401278163745,2018-04-08 02:54:27.070000,2018-09-17 01:04:56.327000,airbnb16703701,private_room,0,2,6,3,
airbnb59ad97668a46551f54f8d56c404,https://www.airbnb.es/rooms/14929894,2.1771392577489213,41.462396637956374,2017-08-15 08:04:47.567000,2018-09-17 01:39:44.552000,airbnb90622922,private_room,0,1,29,1,
airbnb59ad97668a46551f54f8d56c405,https://www.airbnb.es/rooms/3558941,2.179257827817252,41.46147816264581,2017-08-15 08:05:13.572000,2018-09-17 01:06:17.341000,airbnb16703701,private_room,0,2,26,3,
airbnb59ad97668a46551f54f8d56c406,https://www.airbnb.es/rooms/6709354,2.1790550322921316,41.46106888895066,2017-08-27 16:47:44.988000,2018-09-17 01:05:15.182000,airbnb16703701,private_room,0,2,5,3,
airbnb59ad97668a46551f54f8d56c407,https://www.airbnb.es/rooms/6671686,2.1794279965818673,41.46101437457362,2018-04-08 03:10:26.914000,2018-09-17 01:05:36.389000,airbnb16703701,private_room,2,2,19,3,
airbnb59ad97668a46551f54f8d56c408,https://www.airbnb.es/rooms/24028834,2.1833769923659214,41.46228668333165,2018-04-08 03:10:26.910000,2018-09-17 01:04:08.538000,airbnb87473445,entire_home,3,6,1,3,
airbnb59ad97668a46551f54f8d56c409,https://www.airbnb.es/rooms/14933549,2.1829351754080695,41.465618168587056,2017-08-15 04:49:23.156000,2018-09-17 01:04:14.186000,airbnb93913750,private_room,1,2,5,1,
airbnb59ad97668a46551f54f8d56c410,https://www.airbnb.es/rooms/15827369,2.1829295181306283,41.46465844734935,2018-04-08 03:10:26.911000,2018-06-04 21:46:41.110000,airbnb102477327,entire_home,4,7,1,4,144
airbnb59ad97668a46551f54f8d56c411,https://www.airbnb.es/rooms/14964612,2.180970458608121,41.463340640625205,2017-08-15 08:05:05.280000,2018-09-17 01:05:03.273000,airbnb87473445,private_room,1,2,8,1,
